first_name,last_name,datetime,email,gender,street_address
,Monckton,,mmonckton0@unicef.org,Genderfluid,401 Transport Trail
,Fudge,10/29/2005,mfudge1@hostgator.com,Genderfluid,007 Eliot Junction
Cahra,Schwandner,9/6/2001,cschwandner2@g.co,Bigender,28061 Manufacturers Terrace
,Dusting,7/7/2017,mdusting3@yellowbook.com,Female,0 South Park
Kerwin,Hamer,3/10/2020,khamer4@edublogs.org,Genderfluid,6636 Mayfield Road
Jae,Breffitt,11/7/2006,jbreffitt5@topsy.com,Agender,616 Corry Drive
Wayland,Albers,10/12/2000,walbers6@symantec.com,Genderqueer,94 Fair Oaks Park
Galven,Harnell,,gharnell7@samsung.com,Bigender,4 Dayton Street
,Glowacki,8/21/2020,jglowacki8@tamu.edu,Non-binary,99 Hanover Place
Milt,Ashleigh,,mashleigh9@marketwatch.com,Genderqueer,8788 Everett Avenue
,Dauncey,11/25/2012,jdaunceya@angelfire.com,Genderqueer,945 Merrick Point
,Drabble,8/25/2003,bdrabbleb@lycos.com,Female,2671 Welch Crossing
,Kunes,12/11/2000,tkunesc@ucoz.ru,Bigender,7266 Reindahl Drive
,Emanuele,11/11/2015,cemanueled@gizmodo.com,Bigender,4 Fieldstone Plaza
,Brumen,3/1/2020,mbrumene@upenn.edu,Male,855 Sloan Junction
Pavia,Comley,7/25/2002,pcomleyf@eventbrite.com,Genderfluid,6987 Redwing Terrace
,Ganforthe,9/9/2012,cganfortheg@geocities.com,Male,711 Dunning Avenue
Katrine,Corradi,9/1/2006,kcorradih@alibaba.com,Polygender,6 Continental Parkway
Kasper,Grunder,2/2/2018,kgrunderi@tinyurl.com,Genderfluid,4341 Garrison Plaza
,Brownlee,,nbrownleej@oaic.gov.au,Polygender,363 Upham Avenue
,Barrett,2/29/2000,ebarrettk@merriam-webster.com,Genderfluid,31049 Moland Plaza
,Lorans,4/2/2002,cloransl@digg.com,Female,541 Paget Way
Hasheem,Varker,11/29/2017,hvarkerm@mayoclinic.com,Agender,9218 Portage Park
Garrott,Randall,7/29/2015,grandalln@csmonitor.com,Female,3564 Kenwood Parkway
Hillery,Chinge de Hals,,hchingedehalso@is.gd,Male,71 Daystar Drive
,Morford,12/16/2010,gmorfordp@mit.edu,Bigender,83 Fisk Road
,Footitt,,lfootittq@umn.edu,Genderqueer,757 Judy Crossing
,Leathley,7/14/2006,gleathleyr@godaddy.com,Bigender,880 Anzinger Pass
Mirilla,Oldam,4/28/2006,moldams@imgur.com,Polygender,6407 Schmedeman Road
Dale,Morrowe,1/9/2012,dmorrowet@drupal.org,Male,930 Cambridge Hill
Salem,Callar,10/5/2008,scallaru@virginia.edu,Female,4 Lillian Plaza
,Redhouse,,gredhousev@so-net.ne.jp,Female,54 Meadow Valley Terrace
Haslett,Hazell,2/25/2007,hhazellw@sakura.ne.jp,Male,4768 Florence Junction
,Kamien,11/8/2012,ekamienx@ft.com,Bigender,764 Porter Center
Jessamine,Alderwick,10/19/2014,jalderwicky@bloglines.com,,97 Miller Avenue
,Simcock,,dsimcockz@yale.edu,Male,2 Orin Drive
,Critoph,8/18/2005,acritoph10@sakura.ne.jp,Genderqueer,608 Johnson Park
Edy,Cristou,,ecristou11@princeton.edu,Female,984 Spaight Lane
Jenni,Lucchi,4/2/2014,jlucchi12@newyorker.com,Male,00913 Harper Crossing
Pall,Gilliatt,9/23/2012,pgilliatt13@uiuc.edu,Polygender,551 Cardinal Pass
Jaimie,Larchier,12/26/2010,jlarchier14@squidoo.com,Male,35 Haas Park
,Shufflebotham,12/2/2001,eshufflebotham15@guardian.co.uk,Agender,80 Larry Circle
Alida,Ruane,,aruane16@reference.com,Bigender,20 Mifflin Pass
,Gabbatiss,9/25/2006,sgabbatiss17@ifeng.com,Polygender,05 Fordem Drive
Riki,Lefley,2/1/2007,rlefley18@mit.edu,Genderqueer,876 Meadow Ridge Hill
Vickie,Juett,7/8/2020,vjuett19@sina.com.cn,Agender,05 Boyd Lane
Otto,Sommerlin,,osommerlin1a@qq.com,Male,3333 Sauthoff Center
Leonelle,Webley,6/5/2008,lwebley1b@ftc.gov,Genderfluid,7 Jackson Drive
,Tremathack,,rtremathack1c@de.vu,Polygender,34 Golf Hill
Cookie,Stentiford,6/17/2019,cstentiford1d@disqus.com,Genderqueer,01 Merchant Circle
Bearnard,Daverin,8/11/2015,bdaverin1e@jigsy.com,Bigender,7194 Johnson Way
,Scandrick,12/27/2015,cscandrick1f@blogspot.com,Genderqueer,1 Mendota Junction
Abbie,Mattheeuw,12/4/2013,amattheeuw1g@gmpg.org,Polygender,0 Caliangt Hill
,Antosik,2/14/2000,fantosik1h@g.co,Genderqueer,5 Hoard Trail
Rhoda,Cabotto,5/20/2020,rcabotto1i@addtoany.com,Non-binary,9971 Del Sol Pass
Kim,Huguet,7/8/2004,khuguet1j@shinystat.com,Female,79688 Vahlen Court
,Rolinson,7/2/2020,crolinson1k@netscape.com,Female,75 Namekagon Street
,Frow,12/3/2007,ifrow1l@dailymotion.com,Non-binary,79152 4th Plaza
Trude,Cherry,7/26/2001,tcherry1m@friendfeed.com,Genderfluid,31 Dakota Hill
,Eidelman,8/30/2000,reidelman1n@reuters.com,Female,64 Westerfield Road
Rudolfo,Sweetsur,9/11/2019,rsweetsur1o@opensource.org,Non-binary,2252 Truax Way
,Hulburt,12/7/2015,mhulburt1p@usda.gov,Male,2238 Sage Junction
,Castel,3/1/2006,jcastel1q@furl.net,Genderqueer,0670 Northland Lane
Bayard,Elgee,3/24/2003,belgee1r@ox.ac.uk,Male,4 Schurz Lane
Ronny,Hedaux,7/15/2001,rhedaux1s@shinystat.com,Bigender,90 8th Center
Maynord,Shovelbottom,11/30/2015,mshovelbottom1t@cpanel.net,,536 Dahle Place
,Tregona,8/1/2013,vtregona1u@imdb.com,Polygender,1963 Moose Alley
Ida,Alesi,6/10/2008,ialesi1v@mashable.com,Bigender,955 Nancy Center
,Seaborn,9/7/2000,bseaborn1w@walmart.com,Genderqueer,96 Colorado Junction
Brittany,Breming,12/12/2008,bbreming1x@webeden.co.uk,Female,1629 Knutson Center
,Mannie,6/5/2005,mmannie1y@ifeng.com,,14 American Ash Drive
,Dy,11/28/2003,jdy1z@jalbum.net,Genderqueer,1 Autumn Leaf Pass
,Checchetelli,8/4/2016,fchecchetelli20@surveymonkey.com,Polygender,7681 Westport Park
Carl,McClelland,9/28/2019,cmcclelland21@1688.com,Polygender,3852 Arrowood Drive
,Dewbury,5/5/2019,cdewbury22@unicef.org,Bigender,78 Kim Alley
Julianne,Sclater,3/20/2012,jsclater23@typepad.com,Genderqueer,0 Corry Park
Honoria,Hare,2/1/2006,hhare24@wufoo.com,Bigender,39 High Crossing Street
,Coombes,11/26/2017,dcoombes25@geocities.jp,Non-binary,0 Sachtjen Street
,Gabe,6/30/2018,vgabe26@list-manage.com,Bigender,2 Springs Lane
,Guido,2/25/2018,lguido27@people.com.cn,Non-binary,6532 Mariners Cove Pass
Gabey,L'argent,4/14/2015,glargent28@free.fr,Non-binary,13792 Basil Place
,Danielczyk,9/25/2004,tdanielczyk29@fda.gov,Polygender,56 Delaware Avenue
,Chamberlin,7/25/2001,dchamberlin2a@walmart.com,Polygender,92981 Bellgrove Place
Theresina,Symonds,1/28/2011,tsymonds2b@jugem.jp,Polygender,2 Onsgard Parkway
Noellyn,Triggle,2/5/2017,ntriggle2c@yahoo.co.jp,Bigender,41 North Road
,Cockett,2/24/2010,gcockett2d@independent.co.uk,Male,57652 Mandrake Plaza
,Shyram,3/28/2008,hshyram2e@ezinearticles.com,Bigender,8 Pleasure Pass
Pierette,Wolvey,9/5/2017,pwolvey2f@webs.com,Genderfluid,08410 Steensland Point
Nathaniel,Naughton,2/20/2003,nnaughton2g@hibu.com,Female,4 Green Hill
Charmaine,McGinn,8/24/2000,cmcginn2h@webs.com,Polygender,32 Bayside Way
,Moyers,5/30/2020,kmoyers2i@latimes.com,Bigender,58 Crescent Oaks Crossing
,Dever,,rdever2j@wiley.com,Agender,31 Maryland Center
,Boom,9/7/2002,fboom2k@scribd.com,Non-binary,22 Kedzie Hill
Olga,McAuslene,4/4/2001,omcauslene2l@noaa.gov,Bigender,02292 Larry Road
Brigitte,Masters,1/14/2012,bmasters2m@moonfruit.com,Genderqueer,87099 Annamark Lane
Rudd,Bartolozzi,3/15/2003,rbartolozzi2n@nhs.uk,Polygender,071 Debs Point
Lucas,Molineux,8/11/2000,lmolineux2o@arizona.edu,Genderqueer,862 Autumn Leaf Court
,Khalid,,tkhalid2p@japanpost.jp,Non-binary,005 Kensington Plaza
,Konrad,4/14/2014,bkonrad2q@samsung.com,Female,4 Arrowood Parkway
Trent,Chisnell,8/9/2006,tchisnell2r@yellowbook.com,Female,68 Toban Terrace
Casper,Sawrey,9/14/2017,csawrey2s@1und1.de,Agender,2519 Oxford Crossing
Berne,Beever,1/9/2003,bbeever2t@weibo.com,,361 Sachs Avenue
,Roos,5/16/2014,zroos2u@printfriendly.com,Female,9 Wayridge Way
Nicky,Middlewick,7/26/2018,nmiddlewick2v@nyu.edu,Genderqueer,36 Old Shore Road
Nettle,Manvell,6/4/2011,nmanvell2w@jigsy.com,Bigender,17321 Mcguire Crossing
,Bailiss,6/16/2005,kbailiss2x@1688.com,Polygender,1440 Cottonwood Avenue
,Newlands,6/13/2017,rnewlands2y@nytimes.com,Genderqueer,81881 Namekagon Road
Charlie,Hernik,3/10/2018,chernik2z@reddit.com,Bigender,9 Sage Pass
,Elsie,5/20/2003,felsie30@istockphoto.com,Agender,020 Melby Avenue
,Lanchbury,,alanchbury31@drupal.org,Non-binary,89 Clyde Gallagher Point
,Oswell,,doswell32@people.com.cn,Genderqueer,15899 Cody Road
Beatriz,Shreeves,9/24/2018,bshreeves33@ning.com,Male,2321 Meadow Vale Avenue
Kial,Ripper,,kripper34@paginegialle.it,Female,56 Hoard Trail
Wyndham,Crump,5/16/2008,wcrump35@deviantart.com,Non-binary,7 Rutledge Plaza
,Blayney,1/14/2005,sblayney36@who.int,Male,208 Lien Alley
Starla,Wonham,7/27/2004,swonham37@princeton.edu,,8363 Dayton Circle
Ally,Medgwick,5/11/2007,amedgwick38@tinyurl.com,Genderfluid,6 Lawn Trail
Andra,Trewett,1/19/2019,atrewett39@state.tx.us,Non-binary,6 Shopko Pass
Ashla,Amori,10/16/2010,aamori3a@cisco.com,Agender,35160 Reinke Pass
,Gauch,,pgauch3b@pinterest.com,Genderqueer,779 Hoffman Pass
Lu,Jeffryes,11/17/2020,ljeffryes3c@icq.com,Agender,4500 Sachtjen Avenue
,Daws,3/8/2004,mdaws3d@t.co,Female,31 Norway Maple Hill
,Jaram,12/13/1999,ojaram3e@tripod.com,Bigender,355 Sauthoff Plaza
,Preist,9/12/2014,cpreist3f@posterous.com,Genderfluid,97 Hanson Circle
,Petrollo,8/4/2010,mpetrollo3g@infoseek.co.jp,Genderfluid,4600 Kingsford Way
Jaymee,Kaspar,3/12/2001,jkaspar3h@huffingtonpost.com,Genderqueer,67564 Rusk Circle
Kaia,Gepson,3/29/2012,kgepson3i@amazon.co.jp,Female,67144 Fisk Parkway
Annnora,Crimin,,acrimin3j@adobe.com,Polygender,70 Almo Park
Prudence,Soars,8/15/2002,psoars3k@pinterest.com,Polygender,6136 Bobwhite Street
Thomasine,Abbatucci,9/28/2005,tabbatucci3l@icio.us,Genderqueer,4624 Riverside Place
Orsa,Coughan,3/13/2004,ocoughan3m@java.com,Genderqueer,30 Quincy Way
Coriss,Halfhead,3/1/2014,chalfhead3n@hao123.com,Genderfluid,35 Schurz Circle
Heall,Gove,8/7/2012,hgove3o@discovery.com,Male,75484 Carioca Circle
,Ianelli,7/23/2016,eianelli3p@ocn.ne.jp,Genderqueer,79 Lakewood Gardens Point
,Chiddy,3/8/2006,bchiddy3q@blogs.com,Agender,37913 Harbort Place
Demetre,Kingscote,7/13/2020,dkingscote3r@cocolog-nifty.com,Agender,8 Leroy Parkway
Fiorenze,Janko,12/3/2015,fjanko3s@illinois.edu,Bigender,82 Manley Street
Diarmid,Brabant,3/6/2005,dbrabant3t@yahoo.co.jp,Genderfluid,0 Trailsway Crossing
,Dacres,5/2/2003,rdacres3u@businesswire.com,Non-binary,10 Porter Avenue
,Cavolini,2/15/2013,mcavolini3v@list-manage.com,Genderfluid,77 Namekagon Place
,Sturrock,2/17/2020,rsturrock3w@mit.edu,Genderfluid,6 Anthes Point
Marris,Woolf,1/11/2020,mwoolf3x@ebay.co.uk,Bigender,4 Green Junction
,Shenfisch,10/21/2019,rshenfisch3y@issuu.com,Genderqueer,86 Schmedeman Drive
,Balch,3/23/2009,mbalch3z@seesaa.net,Male,939 5th Hill
,Demonge,5/29/2012,sdemonge40@dion.ne.jp,Non-binary,7 Sunbrook Plaza
Phelia,Southouse,,psouthouse41@seattletimes.com,Polygender,00 Monica Place
Jereme,Ditter,,jditter42@dagondesign.com,Male,8 Oak Valley Road
,Ellor,2/2/2020,gellor43@marketwatch.com,Genderfluid,03140 Straubel Circle
,Wince,1/14/2017,mwince44@google.com.br,Male,241 Northland Parkway
Odelle,Blondelle,,oblondelle45@msn.com,,34646 Ridgeview Plaza
,Redmile,12/25/2005,kredmile46@woothemes.com,Genderfluid,7 Mayer Lane
Latrina,Addington,12/18/2000,laddington47@pen.io,Female,08 International Park
,Friskey,10/11/2011,afriskey48@sohu.com,Non-binary,312 New Castle Center
Barclay,Boissier,1/9/2001,bboissier49@github.io,Female,1659 Swallow Center
,Chittock,5/13/2019,echittock4a@accuweather.com,Male,0 Dawn Lane
Davide,Schrieves,9/6/2016,dschrieves4b@mashable.com,Female,104 Crest Line Pass
Jason,Thunder,3/20/2002,jthunder4c@topsy.com,Genderqueer,80 Dawn Center
Town,Fritzer,10/15/2011,tfritzer4d@people.com.cn,Genderqueer,18 Schiller Parkway
Christian,Chadburn,10/26/2013,cchadburn4e@simplemachines.org,Polygender,357 Hazelcrest Street
,Kelcey,8/12/2007,dkelcey4f@guardian.co.uk,Genderfluid,657 Homewood Terrace
,Casale,,ocasale4g@economist.com,Male,415 Northfield Place
,Gabe,11/9/2013,fgabe4h@chicagotribune.com,Agender,600 Pankratz Hill
Ardyth,Cutler,9/19/2006,acutler4i@com.com,Agender,41157 Grim Place
Lyn,McIver,5/21/2014,lmciver4j@sogou.com,Polygender,71206 Swallow Junction
,Thebes,2/18/2019,pthebes4k@eepurl.com,Male,8304 Anderson Court
Raddie,McClintock,,rmcclintock4l@imageshack.us,,7973 Clove Point
,Baillie,,pbaillie4m@unc.edu,Non-binary,67705 Menomonie Road
,Febry,8/30/2000,dfebry4n@about.com,Genderqueer,65804 Burning Wood Avenue
Keane,Micco,1/6/2018,kmicco4o@ezinearticles.com,Genderqueer,26 Chive Street
Melantha,Vials,1/15/2021,mvials4p@bing.com,Agender,75 Manitowish Lane
,Dilnot,,jdilnot4q@timesonline.co.uk,Male,04 Parkside Trail
,Gout,5/26/2000,tgout4r@multiply.com,Female,4 Rowland Drive
Dixie,Wesson,4/24/2003,dwesson4s@ed.gov,Genderfluid,34856 Grim Pass
Madeleine,Cleynman,8/9/2001,mcleynman4t@unc.edu,Male,706 Commercial Lane
,Otteridge,1/24/2003,gotteridge4u@princeton.edu,Genderfluid,29741 Transport Hill
,Gayforth,11/6/2018,egayforth4v@vinaora.com,Genderfluid,273 Northridge Parkway
,Housiaux,8/4/2003,nhousiaux4w@webeden.co.uk,Polygender,6 Hermina Parkway
Christan,Grenter,8/19/2014,cgrenter4x@ebay.co.uk,Female,56 Morning Lane
,Bogart,6/4/2020,tbogart4y@simplemachines.org,Polygender,79 Meadow Vale Hill
,Bohman,6/13/2013,sbohman4z@vimeo.com,Genderqueer,8081 Barnett Lane
,Fosher,,mfosher50@istockphoto.com,Agender,57363 Farwell Hill
,Bithell,2/1/2011,nbithell51@salon.com,Male,5 Prentice Point
,Arney,,narney52@cyberchimps.com,Bigender,4574 Dapin Point
,Megainey,1/8/2004,amegainey53@japanpost.jp,Female,48366 Declaration Road
Alberta,Stennings,11/25/2016,astennings54@telegraph.co.uk,Agender,6241 Linden Trail
Carole,Kondrat,4/3/2016,ckondrat55@facebook.com,Genderqueer,660 Maple Wood Drive
,Hobbert,4/7/2006,thobbert56@java.com,Male,3832 Leroy Parkway
,Dougliss,6/27/2001,hdougliss57@livejournal.com,Genderqueer,531 Prairie Rose Court
Yasmeen,Van der Beken,6/22/2002,yvanderbeken58@ezinearticles.com,Genderqueer,6 Havey Place
,Cullinan,,acullinan59@taobao.com,Male,27 Laurel Crossing
Derrick,Dickon,4/11/2015,ddickon5a@reverbnation.com,Non-binary,9 Macpherson Court
,Jorry,10/1/2002,mjorry5b@goo.ne.jp,Non-binary,47 5th Way
,Lesmonde,2/15/2000,mlesmonde5c@google.com.br,Bigender,7 Barby Street
,Drable,12/7/1999,sdrable5d@mapquest.com,,294 Dapin Avenue
,Isakovic,4/12/2008,risakovic5e@baidu.com,Agender,4 Lakewood Street
,Crofts,,rcrofts5f@abc.net.au,Female,703 Hoepker Circle
Laurena,Fasse,10/10/2008,lfasse5g@tinypic.com,Genderqueer,740 Hazelcrest Circle
Mirelle,Amdohr,1/20/2000,mamdohr5h@amazon.com,Non-binary,3 Dahle Terrace
Chandal,Bamlet,4/28/2016,cbamlet5i@bing.com,Genderqueer,87 Lake View Alley
Giralda,Pawlett,3/6/2015,gpawlett5j@soup.io,Male,8600 Sage Center
,Farquarson,11/18/2015,bfarquarson5k@utexas.edu,Female,57 Sunbrook Road
,Frawley,6/13/2010,tfrawley5l@cafepress.com,Genderqueer,5 Katie Avenue
,Symers,1/19/2019,vsymers5m@oracle.com,Female,44 Forster Circle
Liesa,Pierrepont,6/10/2008,lpierrepont5n@rediff.com,Genderfluid,91 Sullivan Place
Corabella,Bourbon,,cbourbon5o@mediafire.com,Agender,54 Quincy Park
Berenice,Sobey,1/17/2013,bsobey5p@simplemachines.org,Male,8384 Burning Wood Court
Erie,Cuncliffe,1/21/2011,ecuncliffe5q@exblog.jp,,9975 Service Circle
,Sartin,,rsartin5r@yellowpages.com,Genderqueer,49 Crescent Oaks Trail
,Iglesia,7/3/2016,higlesia5s@fastcompany.com,Female,88917 Goodland Way
Berry,Carlet,1/24/2015,bcarlet5t@hubpages.com,Female,929 Roxbury Court
,Quipp,9/28/2008,rquipp5u@com.com,,80 Barby Point
Tedmund,Gallardo,3/24/2006,tgallardo5v@google.com.au,Genderqueer,9 Iowa Hill
Nickie,Farlowe,11/12/2016,nfarlowe5w@addtoany.com,Polygender,59320 Onsgard Park
,Ayree,7/1/2018,eayree5x@adobe.com,Agender,822 Orin Terrace
,Guswell,5/6/2005,aguswell5y@sphinn.com,Genderfluid,7701 Kipling Plaza
,Mc Queen,9/9/2014,omcqueen5z@hao123.com,Agender,903 Brentwood Alley
,Fereday,11/24/2006,afereday60@gov.uk,Agender,0959 Mallard Hill
Ida,Tewkesbury,2/9/2002,itewkesbury61@godaddy.com,Polygender,57 Warbler Way
,Cockman,1/27/2007,bcockman62@soundcloud.com,Agender,0 Ryan Plaza
,Keighly,2/6/2002,wkeighly63@desdev.cn,Male,07504 Dovetail Place
,Dehm,9/3/2012,tdehm64@reuters.com,Genderfluid,7 Hanson Crossing
,Kumaar,1/22/2009,akumaar65@friendfeed.com,Female,9536 Tennyson Place
Ellwood,Jahnisch,9/10/2015,ejahnisch66@feedburner.com,Agender,139 Independence Parkway
,Coonan,,fcoonan67@printfriendly.com,,7360 Maywood Junction
,Fayerman,12/13/2008,wfayerman68@dailymotion.com,Non-binary,35 Hauk Plaza
,Chessill,5/1/2005,echessill69@china.com.cn,Agender,6 Oxford Place
,Silver,,esilver6a@dailymail.co.uk,Genderqueer,15066 Brown Court
,Benford,10/13/2020,tbenford6b@blogspot.com,Bigender,382 Eliot Road
,Lightwing,,clightwing6c@instagram.com,Polygender,9634 Fallview Hill
Cari,Ivers,6/17/2017,civers6d@yelp.com,Genderfluid,27 Mitchell Drive
Damaris,Faulds,9/17/2019,dfaulds6e@google.es,Genderqueer,784 Burning Wood Trail
Benedikta,Bevans,3/1/2007,bbevans6f@pagesperso-orange.fr,Polygender,5093 Fairview Hill
Creight,Elkins,1/7/2015,celkins6g@istockphoto.com,Male,03 Logan Avenue
Verla,Docherty,7/3/2000,vdocherty6h@alibaba.com,Polygender,77 Pankratz Drive
,Benedetti,7/3/2012,bbenedetti6i@unicef.org,,49 Hauk Center
Alane,Spatarul,,aspatarul6j@newyorker.com,Genderfluid,133 Talisman Pass
,Orrock,3/1/2002,borrock6k@blog.com,Female,2 Gale Park
Leanora,Dellenty,11/21/2011,ldellenty6l@sciencedirect.com,Male,9 1st Junction
Montague,McKnish,12/24/2020,mmcknish6m@howstuffworks.com,Polygender,79 Talisman Avenue
Reed,Marconi,12/25/2008,rmarconi6n@ehow.com,Bigender,04 Clemons Park
Quint,Belchamber,11/9/2002,qbelchamber6o@bigcartel.com,Non-binary,5639 Clemons Road
Hugh,Dougherty,1/8/2007,hdougherty6p@linkedin.com,Non-binary,7 Blaine Trail
,Wedge,1/24/2015,owedge6q@pbs.org,Non-binary,077 Canary Place
Kurt,Symonds,4/2/2002,ksymonds6r@simplemachines.org,Agender,6 Del Mar Circle
,Storcke,,rstorcke6s@cornell.edu,Non-binary,02544 Karstens Point
,Ferreira,5/31/2000,rferreira6t@mac.com,Agender,81 Randy Way
Laure,Gregan,4/20/2006,lgregan6u@census.gov,Genderqueer,397 Toban Avenue
,Opfer,4/24/2020,bopfer6v@nps.gov,Genderfluid,59967 Forest Run Trail
,Brampton,5/26/2003,wbrampton6w@mac.com,Male,3 Bartelt Plaza
Orlan,Fazakerley,,ofazakerley6x@columbia.edu,Genderqueer,7041 Boyd Street
,Roch,1/5/2009,broch6y@wisc.edu,Genderqueer,379 Anthes Road
Dani,Garms,8/6/2013,dgarms6z@addthis.com,Female,7788 Haas Way
,Iron,3/14/2004,liron70@squarespace.com,Male,46 Muir Trail
,Glusby,11/22/2013,aglusby71@washington.edu,Polygender,90 Di Loreto Court
,Bedlington,8/31/2004,dbedlington72@liveinternet.ru,Bigender,446 Union Trail
,Garfoot,8/29/2014,lgarfoot73@yellowbook.com,Bigender,27572 Browning Alley
Denna,Biggadyke,1/1/2018,dbiggadyke74@cocolog-nifty.com,Polygender,09 Petterle Road
Bertina,Henrionot,1/24/2006,bhenrionot75@tripod.com,Male,365 Buena Vista Court
Swen,Febvre,4/1/2004,sfebvre76@pinterest.com,Bigender,0 Northridge Avenue
Melisenda,Fehners,12/3/2004,mfehners77@aboutads.info,Male,48 Macpherson Crossing
Lucina,Manna,7/5/2011,lmanna78@dailymotion.com,Male,23 Elka Pass
,Drew-Clifton,6/24/2002,adrewclifton79@imageshack.us,Genderqueer,3 Marquette Pass
Kerk,Woodhouse,8/20/2015,kwoodhouse7a@tinypic.com,Genderfluid,96627 Redwing Court
,Samber,8/11/2001,wsamber7b@yahoo.co.jp,Genderqueer,5755 Green Ridge Pass
Zara,Wayland,4/2/2005,zwayland7c@barnesandnoble.com,Genderfluid,12630 Kedzie Road
Melita,Wherrit,1/31/2006,mwherrit7d@cpanel.net,Agender,7395 Lakewood Gardens Way
,Bedson,4/25/2009,pbedson7e@taobao.com,Bigender,54185 Waywood Way
Karlis,Matus,,kmatus7f@bigcartel.com,Non-binary,02 Schurz Plaza
,Pawlaczyk,4/21/2018,jpawlaczyk7g@hhs.gov,Bigender,86 Linden Hill
Melosa,Howson,7/10/2010,mhowson7h@marketwatch.com,Female,57 Hoepker Circle
Freddy,Skurm,4/14/2003,fskurm7i@cdc.gov,Genderfluid,43 Sherman Circle
Simon,Blesing,,sblesing7j@tamu.edu,Genderfluid,426 Harbort Court
,Stimpson,11/21/2010,nstimpson7k@etsy.com,Agender,18265 Maywood Street
Jacquelin,Currell,,jcurrell7l@bloglovin.com,Polygender,96321 Fulton Point
,Grimmett,10/29/2015,mgrimmett7m@un.org,Female,463 Forster Junction
,Brager,9/17/2018,obrager7n@miibeian.gov.cn,Polygender,74 Grasskamp Pass
Alexina,Oertzen,4/18/2010,aoertzen7o@comcast.net,Genderfluid,0 Sherman Terrace
Hildagarde,Wardle,12/1/2009,hwardle7p@earthlink.net,Bigender,61 Bashford Drive
,Mungham,4/5/2019,amungham7q@marriott.com,Male,62 Hallows Junction
Adara,Bakster,6/3/2002,abakster7r@home.pl,Female,35801 Ronald Regan Avenue
Valdemar,Safhill,,vsafhill7s@weebly.com,,93527 Prairieview Circle
,Emery,8/5/2004,memery7t@google.co.jp,Genderfluid,6 Miller Terrace
,Wathan,9/7/2009,bwathan7u@netlog.com,Female,537 Sunbrook Park
,Seamon,12/18/2013,cseamon7v@reddit.com,Genderqueer,2 Oak Valley Avenue
Bernhard,Van der Kruys,8/5/2020,bvanderkruys7w@earthlink.net,Non-binary,85148 Grayhawk Alley
Stephan,Matteuzzi,2/27/2017,smatteuzzi7x@nsw.gov.au,Genderfluid,32 Nelson Crossing
Fletcher,Pfeffel,8/19/2009,fpfeffel7y@oracle.com,Genderfluid,2 Mallory Street
,Shovlin,,bshovlin7z@4shared.com,Polygender,03974 Cordelia Crossing
Sileas,Templman,6/17/2009,stemplman80@webnode.com,Genderqueer,2079 Fremont Street
,Blezard,12/7/2013,mblezard81@xing.com,Polygender,02 Warner Park
Sean,MacConnal,11/29/2014,smacconnal82@comcast.net,Non-binary,80 Ohio Place
,Robertsson,12/28/2006,mrobertsson83@google.com.br,Agender,109 Pleasure Crossing
,Faulconbridge,7/10/2010,afaulconbridge84@gnu.org,Genderfluid,15433 Surrey Way
,Brocklehurst,,gbrocklehurst85@purevolume.com,Female,5414 Sunbrook Place
Larissa,Duckwith,1/19/2013,lduckwith86@unblog.fr,Genderqueer,862 Anzinger Plaza
Perice,MacGibbon,,pmacgibbon87@quantcast.com,Non-binary,44925 Sherman Road
Janaya,Withringten,,jwithringten88@mozilla.org,Polygender,89 Utah Plaza
Herb,Meeson,,hmeeson89@cbsnews.com,Female,9 Thackeray Park
Clifford,Rolinson,3/10/2009,crolinson8a@gnu.org,Agender,565 6th Circle
Noel,Brader,5/28/2008,nbrader8b@globo.com,Agender,702 Comanche Court
,McPhilemy,2/4/2007,cmcphilemy8c@admin.ch,,98 Debra Street
Fraser,Sidworth,6/24/2020,fsidworth8d@usatoday.com,Female,3440 Grim Parkway
,MacKaig,12/19/2019,kmackaig8e@gizmodo.com,Female,11534 Dayton Place
,Hillhouse,10/19/2018,dhillhouse8f@arizona.edu,Non-binary,8204 Westridge Trail
Raine,Gardener,,rgardener8g@purevolume.com,Non-binary,17471 Anderson Lane
,Bettley,,nbettley8h@hhs.gov,Polygender,421 Vera Center
,Stickney,11/12/2006,mstickney8i@telegraph.co.uk,Male,8 Lawn Trail
,Attenborrow,8/13/2008,kattenborrow8j@mysql.com,Female,3 Sheridan Terrace
,Physic,9/21/2003,nphysic8k@webmd.com,Agender,11 Lakewood Trail
,Olivet,1/29/2018,eolivet8l@unesco.org,Female,87551 Butterfield Circle
Edithe,Goly,1/27/2015,egoly8m@typepad.com,Non-binary,6 Badeau Terrace
Thurstan,Lankford,1/31/2011,tlankford8n@gizmodo.com,Bigender,7133 Meadow Valley Center
,McElane,8/5/2007,tmcelane8o@sciencedirect.com,Non-binary,8 Commercial Avenue
,Anderbrugge,1/18/2004,aanderbrugge8p@macromedia.com,Non-binary,20 Knutson Court
,Flowerdew,6/23/2006,vflowerdew8q@wsj.com,,551 Schmedeman Center
,Ballsdon,12/10/2009,eballsdon8r@networkadvertising.org,Non-binary,13 Transport Circle
,Yushmanov,3/26/2020,tyushmanov8s@spotify.com,Bigender,8 Petterle Lane
Shandeigh,Ravenscraft,4/5/2018,sravenscraft8t@unicef.org,Agender,849 Milwaukee Street
Toby,McGlade,6/30/2008,tmcglade8u@yellowpages.com,Bigender,7993 Barby Alley
Cherye,Tuxwell,9/9/2008,ctuxwell8v@vinaora.com,Agender,52974 Anderson Center
,Lode,6/22/2002,klode8w@nih.gov,Non-binary,30 Gina Street
Lola,Elt,5/16/2003,lelt8x@ihg.com,Polygender,8 Goodland Trail
Luciano,Fink,10/6/2020,lfink8y@freewebs.com,Agender,60 Main Terrace
Mitzi,MacKettrick,9/7/2001,mmackettrick8z@webnode.com,Bigender,3265 Mifflin Hill
,Rocks,2/20/2010,drocks90@merriam-webster.com,Male,74126 Rigney Way
Swen,Hadigate,12/22/2018,shadigate91@ca.gov,Bigender,2 Pleasure Center
Vincenty,Keech,12/19/2015,vkeech92@diigo.com,Polygender,38 Green Crossing
Debera,Cockland,2/3/2008,dcockland93@free.fr,Male,45990 Center Avenue
,Huzzey,9/2/2002,hhuzzey94@google.fr,Agender,19227 Lakeland Drive
,Arch,1/20/2013,sarch95@quantcast.com,Polygender,372 Clove Way
Lavina,Fowlds,,lfowlds96@xrea.com,Male,79532 Eagan Crossing
,Mayers,5/8/2006,smayers97@bloglines.com,Agender,77726 Judy Parkway
,Bernaciak,10/19/2011,lbernaciak98@miibeian.gov.cn,Genderqueer,72 Fremont Circle
Ase,Brosi,1/21/2007,abrosi99@wisc.edu,Genderqueer,236 Oriole Circle
Munroe,Messager,1/6/2002,mmessager9a@ihg.com,Female,0 Northport Street
,Estrella,6/19/2007,aestrella9b@zdnet.com,Agender,517 Hansons Place
Dorotea,Scatchar,4/21/2019,dscatchar9c@umn.edu,Non-binary,57 Arizona Circle
Holly,Heffernon,3/10/2000,hheffernon9d@xing.com,Polygender,60 Dovetail Way
,Eicke,10/9/2011,ceicke9e@meetup.com,Genderqueer,46302 Acker Junction
Sher,Philpotts,,sphilpotts9f@hugedomains.com,Male,883 Memorial Parkway
,Loyndon,9/19/2004,eloyndon9g@gravatar.com,Bigender,46 Everett Court
,Melson,5/13/2012,jmelson9h@mysql.com,Genderqueer,18735 Vahlen Terrace
,Dodimead,4/22/2017,tdodimead9i@twitter.com,Female,8090 Raven Lane
,Davidwitz,8/8/2015,adavidwitz9j@cnn.com,Genderqueer,7763 Sheridan Hill
,Chuter,7/20/2006,ochuter9k@simplemachines.org,Male,90 Lyons Park
Andrus,Liddon,,aliddon9l@goo.ne.jp,Genderfluid,3793 Meadow Valley Place
Hinze,Woodburne,4/12/2012,hwoodburne9m@moonfruit.com,Genderfluid,85 Northfield Park
Minette,Staden,6/13/2008,mstaden9n@naver.com,Polygender,60145 Meadow Ridge Park
Susi,Boyle,5/3/2015,sboyle9o@barnesandnoble.com,Male,56 Jay Park
,Pulham,10/13/2019,epulham9p@reddit.com,,4 Carberry Hill
Blithe,Eskrick,3/27/2013,beskrick9q@indiegogo.com,Genderfluid,3060 Upham Alley
Carry,Fermer,6/17/2004,cfermer9r@forbes.com,Female,53 Ryan Hill
Bryant,Rimmington,8/15/2008,brimmington9s@ucla.edu,Agender,3 Goodland Plaza
,Toffoletto,7/16/2002,dtoffoletto9t@sourceforge.net,,6171 Grover Court
Quintina,MacFarlane,10/15/2000,qmacfarlane9u@google.com.br,Genderqueer,3583 Beilfuss Pass
Crystal,Seth,1/22/2021,cseth9v@yandex.ru,Female,6019 Brickson Park Pass
Lindy,Crisford,3/12/2017,lcrisford9w@behance.net,Male,0755 Blue Bill Park Point
,Rubinek,11/28/2011,yrubinek9x@whitehouse.gov,Bigender,9028 Grover Drive
Immanuel,Whitchurch,9/30/2011,iwhitchurch9y@skype.com,Male,810 Mallard Center
,Ragsdale,11/21/2014,vragsdale9z@xing.com,Bigender,2 Prairie Rose Place
,Coviello,,rcovielloa0@biglobe.ne.jp,Genderfluid,40 School Point
,Lingfoot,,rlingfoota1@independent.co.uk,Bigender,2350 Larry Place
,Kinman,,kkinmana2@unesco.org,Polygender,5 Loftsgordon Road
,Muzzall,,amuzzalla3@xing.com,Genderqueer,829 Anhalt Court
Susana,Parkyn,1/22/2009,sparkyna4@deviantart.com,Genderfluid,13 Westend Pass
,Sinkings,7/26/2020,bsinkingsa5@cam.ac.uk,Bigender,19 Little Fleur Pass
,Martinello,11/19/2007,amartinelloa6@facebook.com,Genderfluid,06294 Bluestem Pass
Othilie,Heelis,9/30/2005,oheelisa7@wunderground.com,Polygender,41231 Swallow Court
,Cleary,2/20/2016,gclearya8@buzzfeed.com,Polygender,110 Menomonie Road
,Marr,10/11/2002,amarra9@home.pl,Non-binary,7 Namekagon Trail
,Frackiewicz,,vfrackiewiczaa@usa.gov,Non-binary,51951 Di Loreto Way
Josi,Dudden,3/12/2008,jduddenab@cbsnews.com,Bigender,3719 Dayton Parkway
Ethe,Woolvett,10/6/2002,ewoolvettac@hhs.gov,Polygender,0 Glacier Hill Road
Isacco,Ockleshaw,9/30/2008,iockleshawad@addtoany.com,Agender,0533 Jana Crossing
Bennett,Manns,2/19/2001,bmannsae@si.edu,Genderfluid,0306 Kropf Court
Trace,Gasken,9/13/2008,tgaskenaf@1688.com,Genderfluid,63 Bunker Hill Place
Wilhelmine,Pescod,12/16/2007,wpescodag@so-net.ne.jp,Polygender,381 Buena Vista Circle
,Doddrell,6/16/2015,sdoddrellah@zimbio.com,Male,788 Truax Park
Cosme,Vinker,10/24/2017,cvinkerai@marketwatch.com,Female,297 Dawn Park
Cale,Hartright,8/25/2010,chartrightaj@adobe.com,Genderfluid,0 Loeprich Way
,de Savery,8/24/2019,mdesaveryak@timesonline.co.uk,Genderfluid,959 Hansons Pass
,Gregoletti,10/9/2015,agregolettial@discovery.com,Agender,38301 Dryden Lane
Ezechiel,Schlag,4/10/2011,eschlagam@marketwatch.com,Agender,00 Sage Terrace
,Cardero,,rcarderoan@reference.com,Agender,75975 Spohn Lane
Sylvester,MacCall,12/25/2020,smaccallao@mayoclinic.com,Bigender,512 East Road
Margalo,Slane,7/30/2014,mslaneap@domainmarket.com,Male,1 Wayridge Avenue
Claudell,Ferraretto,,cferrarettoaq@homestead.com,Polygender,10 Birchwood Court
Sidonnie,Matias,3/12/2001,smatiasar@china.com.cn,Male,2 Thierer Lane
,Chipperfield,10/27/2017,ichipperfieldas@amazon.de,Genderqueer,565 Transport Pass
Hillel,Bonson,4/9/2002,hbonsonat@addthis.com,Female,97282 Coolidge Road
,Have,11/29/2003,vhaveau@sfgate.com,Polygender,57155 Cody Point
,O'Loughane,9/27/2020,ooloughaneav@google.co.uk,Female,79 Arrowood Lane
Lavinia,Cottle,8/19/2007,lcottleaw@4shared.com,Polygender,03 Leroy Parkway
Torrence,Fahrenbach,12/26/2012,tfahrenbachax@youku.com,Polygender,5 Algoma Trail
,Sukbhans,,msukbhansay@mit.edu,Genderqueer,82319 Heffernan Plaza
Winnah,McNalley,4/19/2011,wmcnalleyaz@china.com.cn,Male,789 Westerfield Hill
,Imlaw,,mimlawb0@dmoz.org,Genderfluid,30009 Trailsway Terrace
Wadsworth,Coo,5/17/2005,wcoob1@cnbc.com,Male,71913 Cherokee Pass
,Georgot,8/25/2012,jgeorgotb2@tiny.cc,Female,68972 Eggendart Drive
,Rutland,,rrutlandb3@delicious.com,Genderqueer,6 Dunning Avenue
Gray,Lazonby,12/27/2016,glazonbyb4@woothemes.com,Polygender,2342 Brickson Park Trail
,Stockell,,bstockellb5@feedburner.com,Polygender,87 Onsgard Point
Melesa,Ives,4/13/2000,mivesb6@i2i.jp,Bigender,60083 Loeprich Plaza
Hope,Dutt,5/21/2014,hduttb7@fotki.com,Genderqueer,0 Dexter Trail
Anita,Alenin,,aaleninb8@yelp.com,Genderqueer,5917 Superior Point
,Tourmell,12/24/2009,etourmellb9@smugmug.com,Genderfluid,6 Marcy Pass
Mayor,Maingot,9/10/2019,mmaingotba@hostgator.com,Polygender,898 Florence Way
Haven,MacKenny,12/31/2004,hmackennybb@walmart.com,Agender,09 Rowland Parkway
,Munn,7/26/2019,imunnbc@forbes.com,Female,2 Old Shore Junction
,Guerre,7/27/2011,mguerrebd@facebook.com,Bigender,37504 Straubel Center
,Boothe,1/6/2000,oboothebe@ebay.com,,9 Prairieview Way
Gretal,Simnett,1/15/2000,gsimnettbf@ameblo.jp,Non-binary,54501 Lawn Lane
Charla,Thorwarth,7/2/2018,cthorwarthbg@stumbleupon.com,Genderfluid,96 Norway Maple Court
,Klehn,3/22/2007,cklehnbh@sourceforge.net,Female,574 Melrose Plaza
Augusto,Leaburn,11/1/2009,aleaburnbi@berkeley.edu,Agender,5 Huxley Crossing
,Pixton,7/29/2001,vpixtonbj@usatoday.com,Polygender,6 Bashford Junction
,Tewes,6/17/2014,mtewesbk@booking.com,Polygender,3491 Shasta Hill
Gerhard,Cornelis,6/18/2001,gcornelisbl@mapy.cz,Genderfluid,4 Melody Road
Marie-jeanne,Downer,2/2/2007,mdownerbm@cpanel.net,Female,20506 Burning Wood Lane
Anita,Bruford,,abrufordbn@wix.com,Polygender,07759 Jenna Lane
,Brotherhead,4/26/2010,rbrotherheadbo@who.int,Genderfluid,96700 Norway Maple Place
,Penburton,6/21/2012,hpenburtonbp@chronoengine.com,Female,594 Dottie Pass
Sherilyn,Ewebank,5/29/2002,sewebankbq@vk.com,Polygender,3504 Blackbird Terrace
,Bowton,,bbowtonbr@hp.com,Polygender,52189 Melby Point
,Rich,4/14/2016,arichbs@hexun.com,,2 Blaine Point
Grace,Founds,8/22/2004,gfoundsbt@pen.io,Male,88 Longview Circle
,Esley,,hesleybu@nydailynews.com,Genderfluid,4241 Oak Valley Drive
Ewen,Massel,12/31/2006,emasselbv@mac.com,Polygender,83 Drewry Road
,Jacobovitch,6/4/2010,jjacobovitchbw@360.cn,Polygender,4236 Transport Trail
,Judson,2/26/2019,rjudsonbx@oracle.com,Bigender,9 Eagle Crest Junction
Dahlia,Ricciardiello,8/15/2003,dricciardielloby@hao123.com,Polygender,6029 Mifflin Center
,Rampton,9/16/2013,dramptonbz@marketwatch.com,Genderqueer,5 Anhalt Terrace
,Allkins,8/14/2005,mallkinsc0@cbslocal.com,Bigender,8 Arizona Road
,Chadd,11/21/2004,achaddc1@rakuten.co.jp,Bigender,5677 Clarendon Plaza
Misty,Halley,1/23/2007,mhalleyc2@xrea.com,Female,8986 Lawn Alley
Fayette,Dyde,1/10/2008,fdydec3@g.co,Male,9534 Dawn Trail
Jesse,Wilkennson,4/10/2013,jwilkennsonc4@wordpress.org,Genderfluid,17818 Roth Trail
Walker,Stanlock,1/25/2004,wstanlockc5@ibm.com,Female,10124 Warbler Trail
,Snashall,,rsnashallc6@admin.ch,Female,46 Granby Trail
Larissa,Todman,5/14/2007,ltodmanc7@army.mil,Male,22 Dixon Hill
,Hendricks,9/15/2013,lhendricksc8@kickstarter.com,Male,589 Bayside Trail
Ema,O' Finan,,eofinanc9@slate.com,Genderqueer,875 Pond Street
,Housego,,thousegoca@free.fr,Non-binary,0270 Anthes Avenue
,Kenton,10/7/2007,jkentoncb@abc.net.au,Genderfluid,46652 Toban Junction
Hunt,Gerrell,2/19/2006,hgerrellcc@cmu.edu,Non-binary,5 Dawn Road
,MacAvddy,6/6/2013,fmacavddycd@yellowbook.com,Bigender,09755 Onsgard Plaza
Vilhelmina,Campes,,vcampesce@stumbleupon.com,Polygender,837 Delaware Road
,Rozalski,3/30/2003,arozalskicf@diigo.com,Genderfluid,6265 Hansons Circle
Olwen,Hender,4/26/2014,ohendercg@alibaba.com,Bigender,1371 Mifflin Junction
,Kingswold,1/19/2007,akingswoldch@ezinearticles.com,Agender,23667 Stang Circle
,Ruzek,9/25/2005,jruzekci@wsj.com,Non-binary,9 Clemons Court
,Swiffen,10/15/2011,dswiffencj@i2i.jp,Male,16882 Eagle Crest Road
Sharleen,Thumnel,6/29/2003,sthumnelck@cnbc.com,Non-binary,19026 Walton Terrace
,Cristoforo,8/30/2019,mcristoforocl@china.com.cn,Polygender,1613 Hooker Way
Lanita,Dudhill,6/30/2014,ldudhillcm@webmd.com,Polygender,184 Anthes Pass
Idelle,Jeacock,5/9/2012,ijeacockcn@ed.gov,,628 Steensland Way
,Mesnard,4/24/2012,cmesnardco@1und1.de,Genderfluid,4 Portage Center
,Flohard,10/27/2018,sflohardcp@squidoo.com,Bigender,99109 Briar Crest Terrace
Alair,Downie,6/22/2009,adowniecq@goo.ne.jp,Genderfluid,189 Colorado Hill
Marcelia,Arnal,7/16/2012,marnalcr@who.int,Polygender,79369 Eagle Crest Crossing
Paolo,Doumerc,5/16/2010,pdoumerccs@psu.edu,Male,18635 Pleasure Way
Roberto,Tutchings,8/24/2002,rtutchingsct@vimeo.com,Agender,81 Fremont Trail
,Guiducci,7/18/2000,wguiduccicu@arstechnica.com,Male,9017 Ronald Regan Terrace
,Reynoldson,,vreynoldsoncv@cisco.com,Genderfluid,1443 Texas Junction
,Harlett,5/20/2007,jharlettcw@typepad.com,,662 Farmco Alley
,Amos,11/5/2014,samoscx@is.gd,Genderqueer,4574 Clove Circle
,Britnell,6/24/2010,mbritnellcy@4shared.com,Agender,8 Cascade Court
,Lillo,,nlillocz@marketwatch.com,Bigender,4533 Mayer Junction
Pryce,Cromett,,pcromettd0@linkedin.com,Genderfluid,63420 Chive Way
Inness,Gonthard,2/17/2014,igonthardd1@nature.com,,45958 Buhler Lane
,Norkett,4/6/2018,enorkettd2@ebay.co.uk,Genderqueer,46190 Forster Way
Claudianus,Izatson,12/3/2000,cizatsond3@dailymotion.com,Non-binary,9 Brown Center
,Lindstedt,10/15/2004,slindstedtd4@walmart.com,Agender,19 Harper Circle
Callie,Hansford,11/11/2002,chansfordd5@wikipedia.org,Non-binary,29 Marcy Pass
Augustina,Nozzolii,,anozzoliid6@abc.net.au,Male,0 Bluejay Court
,Petegre,10/13/2004,dpetegred7@usnews.com,Female,20 Garrison Junction
,Folley,2/8/2004,cfolleyd8@rediff.com,Agender,9834 Chive Plaza
Robina,Catenot,,rcatenotd9@canalblog.com,Non-binary,86 Talisman Pass
,Betke,,wbetkeda@zdnet.com,Male,2461 Loftsgordon Hill
,Slym,,eslymdb@purevolume.com,Female,76769 Maple Wood Point
Dallas,Thorogood,12/20/2012,dthorogooddc@163.com,Genderqueer,2599 Granby Crossing
Pru,Lawday,7/21/2018,plawdaydd@ed.gov,Male,65 Clemons Court
,Cancott,2/25/2014,bcancottde@comcast.net,Agender,88 Chive Trail
Otto,Janak,4/30/2016,ojanakdf@disqus.com,Polygender,4936 Moulton Place
Mitch,Vaux,8/12/2009,mvauxdg@dmoz.org,Agender,42583 Arizona Hill
Bobina,Basilio,,bbasiliodh@dailymotion.com,,196 Trailsway Trail
Sawyer,O'Sirin,8/8/2002,sosirindi@ihg.com,Bigender,4992 Sherman Avenue
Veriee,Lipman,,vlipmandj@parallels.com,Genderqueer,014 Homewood Alley
Nicol,Boleyn,,nboleyndk@hugedomains.com,Agender,8926 Menomonie Terrace
Bonnee,Gooddie,3/22/2006,bgooddiedl@ibm.com,Female,18 Park Meadow Terrace
Mathew,Do,6/6/2012,mdodm@twitter.com,Non-binary,1337 Maple Drive
,Battell,10/10/2019,pbattelldn@clickbank.net,Genderfluid,9 Clemons Lane
Clemmy,Gwalter,8/7/2015,cgwalterdo@fastcompany.com,Genderqueer,543 Buhler Plaza
Burk,Morstatt,4/1/2013,bmorstattdp@myspace.com,,89548 Corben Street
Ulrich,Amorts,5/7/2006,uamortsdq@google.co.uk,Polygender,802 Grover Place
Ebenezer,English,,eenglishdr@ehow.com,Bigender,8062 Carpenter Street
,Heathfield,10/12/2018,mheathfieldds@huffingtonpost.com,Agender,77295 Eastwood Hill
,Mash,8/22/2020,bmashdt@japanpost.jp,Genderqueer,2764 Chive Trail
,Robart,1/17/2011,irobartdu@ca.gov,Genderqueer,736 Claremont Avenue
,Mulberry,9/3/2019,fmulberrydv@ehow.com,,01312 Westridge Point
Jany,Strutley,5/19/2016,jstrutleydw@arstechnica.com,Agender,0104 Donald Street
,Rougier,7/17/2002,wrougierdx@opensource.org,Bigender,42809 Stang Trail
,Yosifov,7/10/2000,gyosifovdy@youtu.be,Agender,68202 Starling Plaza
,Easterfield,1/29/2000,deasterfielddz@japanpost.jp,Bigender,8 Judy Avenue
Marianna,Curness,,mcurnesse0@aol.com,Polygender,22753 Shasta Crossing
,Beadham,6/16/2001,abeadhame1@examiner.com,Non-binary,01 Pankratz Crossing
,Archibold,3/25/2019,oarchibolde2@bloglovin.com,Bigender,84770 Jenifer Terrace
Simonette,Jennery,2/28/2004,sjennerye3@time.com,Polygender,19232 Meadow Ridge Place
Conn,Machon,11/22/2011,cmachone4@pagesperso-orange.fr,Genderqueer,2 Swallow Lane
Paxton,Scarsbrick,1/8/2006,pscarsbricke5@trellian.com,Agender,70 International Place
,Brim,10/27/2014,mbrime6@icio.us,Bigender,04568 Fairview Parkway
Thebault,Shillum,8/17/2005,tshillume7@businessweek.com,,9081 Forest Run Hill
Dionne,Castillon,6/30/2017,dcastillone8@digg.com,Genderfluid,260 Autumn Leaf Alley
Kassandra,Hallede,7/29/2004,khalledee9@youku.com,Genderqueer,38 Carberry Place
,McKinnon,3/15/2008,bmckinnonea@simplemachines.org,Bigender,614 Tennyson Court
Kessiah,Baudin,11/20/2004,kbaudineb@jiathis.com,Genderqueer,27662 Clyde Gallagher Park
Felicio,Laing,6/27/2007,flaingec@dagondesign.com,,27 Oriole Crossing
,Hyne,4/14/2003,chyneed@instagram.com,Polygender,98 Brentwood Avenue
Yolanthe,Lanmeid,5/23/2017,ylanmeidee@kickstarter.com,Female,944 Straubel Pass
Lottie,Van der Brug,3/2/2019,lvanderbrugef@1688.com,Female,3369 Mesta Road
Onfroi,Sazio,9/27/2000,osazioeg@vimeo.com,Male,953 Sauthoff Park
,Mc Harg,,kmchargeh@elegantthemes.com,,55807 Hovde Plaza
,Batten,11/23/2020,gbattenei@mac.com,Female,63977 Mandrake Avenue
Sherrie,Doelle,12/28/2016,sdoelleej@usda.gov,Genderqueer,20 Florence Road
,Stroulger,4/6/2012,sstroulgerek@reuters.com,Female,90 Ridge Oak Court
Leonard,Cyphus,11/6/2005,lcyphusel@jigsy.com,Genderqueer,101 Hanover Junction
Myrtice,Sansun,3/19/2016,msansunem@gizmodo.com,Female,5 Ramsey Lane
Nydia,Hindhaugh,8/26/2013,nhindhaughen@eventbrite.com,Female,7592 Russell Road
,Gutcher,,lgutchereo@netlog.com,Female,3236 Cherokee Avenue
,Le Port,1/2/2005,mleportep@fema.gov,Non-binary,7241 Annamark Terrace
,Curnock,10/31/2004,bcurnockeq@dropbox.com,Genderqueer,456 Novick Park
,Phelips,6/5/2012,nphelipser@china.com.cn,Female,6 Scoville Crossing
,Ellesmere,6/13/2001,aellesmerees@unc.edu,Male,99 Westend Circle
Brook,Clee,7/14/2007,bcleeet@fema.gov,Non-binary,559 Old Shore Center
,Piola,,rpiolaeu@dmoz.org,Agender,1 Tony Crossing
Brigid,Weetch,,bweetchev@shareasale.com,Non-binary,75990 Sachs Drive
Florette,Hacon,3/30/2005,fhaconew@w3.org,Polygender,4617 Dovetail Junction
,Eye,,jeyeex@sun.com,,040 American Junction
,Topling,11/7/2019,ptoplingey@blogtalkradio.com,Genderqueer,12703 Merrick Way
,Whiten,8/23/2010,gwhitenez@joomla.org,Non-binary,614 Eastlawn Trail
,Thunderchief,6/6/2010,ithunderchieff0@amazon.de,Agender,5 Merchant Pass
,Gosker,5/7/2005,sgoskerf1@google.co.jp,Female,07623 Bunting Place
Mollie,Marjoram,4/28/2011,mmarjoramf2@google.nl,Polygender,7 Northland Crossing
,Maharg,,bmahargf3@cbsnews.com,Male,92 Superior Alley
Jehanna,Girardet,8/15/2006,jgirardetf4@oaic.gov.au,Genderqueer,67414 Scoville Avenue
Anet,Plaide,10/27/2014,aplaidef5@sphinn.com,Genderfluid,252 Northport Hill
,Oakly,9/5/2015,woaklyf6@deliciousdays.com,Agender,9 Sullivan Place
Joscelin,Hayford,2/12/2013,jhayfordf7@earthlink.net,Bigender,97740 Scofield Parkway
Emerson,Marchant,7/18/2013,emarchantf8@gravatar.com,Genderfluid,46 Debs Court
Lanie,Frape,,lfrapef9@howstuffworks.com,Male,4 Heath Way
Jennine,Stigell,9/15/2015,jstigellfa@upenn.edu,Agender,476 Macpherson Road
,Sweeten,9/8/2020,asweetenfb@sourceforge.net,Female,56 3rd Alley
,Freeborne,5/7/2006,cfreebornefc@umn.edu,Bigender,6 Shelley Terrace
Kellby,Riccard,2/22/2008,kriccardfd@ft.com,Bigender,402 Park Meadow Junction
,Rundall,4/13/2006,nrundallfe@cam.ac.uk,Bigender,396 Commercial Junction
Anselm,Domone,1/20/2007,adomoneff@trellian.com,,07440 Clove Terrace
,Meads,2/26/2004,jmeadsfg@exblog.jp,Agender,5766 Fordem Junction
,Stenners,6/14/2015,fstennersfh@is.gd,Bigender,693 Homewood Crossing
,Pellew,,kpellewfi@topsy.com,Male,158 Rowland Road
,Lemary,6/9/2008,alemaryfj@ning.com,Agender,6895 Spaight Pass
,Dixey,7/20/2001,edixeyfk@ifeng.com,Agender,87 Sutherland Parkway
Mada,By,2/26/2004,mbyfl@mozilla.org,Genderfluid,8996 Carey Drive
Fidel,Nesbeth,3/25/2005,fnesbethfm@github.com,Agender,8403 Schlimgen Circle
Stace,Joppich,,sjoppichfn@symantec.com,Polygender,23 Gateway Lane
,Klugman,1/4/2010,oklugmanfo@businesswire.com,Agender,9 Eastwood Hill
,Aleveque,4/3/2014,salevequefp@issuu.com,Bigender,4 Oxford Parkway
Cristie,Winckworth,5/11/2005,cwinckworthfq@weibo.com,Male,3440 Ronald Regan Drive
Farlee,Bernard,12/24/2004,fbernardfr@marketwatch.com,Non-binary,38191 Bartillon Crossing
Zerk,Kemsley,12/6/2013,zkemsleyfs@wsj.com,Bigender,1279 Toban Hill
Abdul,Stockhill,,astockhillft@imgur.com,Agender,407 Lerdahl Road
Rand,Elderfield,1/28/2001,relderfieldfu@eventbrite.com,Female,62 Autumn Leaf Center
Deloria,Lainge,,dlaingefv@people.com.cn,Genderfluid,670 Muir Drive
Meredith,Vignal,8/4/2011,mvignalfw@webnode.com,Female,57 Lerdahl Circle
,Forst,11/17/2020,kforstfx@hibu.com,Agender,7962 Mcguire Alley
,Boggon,1/16/2015,aboggonfy@wp.com,Female,51715 Bowman Place
,Linsley,5/18/2001,llinsleyfz@newyorker.com,Non-binary,7 Sachtjen Place
Maud,Mathe,10/2/2013,mmatheg0@pagesperso-orange.fr,Genderqueer,4 Nelson Plaza
,Lancett,3/30/2008,glancettg1@amazonaws.com,Polygender,732 Eastwood Way
,Zucker,5/24/2010,kzuckerg2@thetimes.co.uk,Agender,690 Crest Line Terrace
,Torel,7/26/2000,dtorelg3@jalbum.net,Agender,3 Gulseth Park
,Ridler,,wridlerg4@cargocollective.com,Male,3544 Moulton Hill
,McMoyer,9/26/2020,dmcmoyerg5@taobao.com,Female,844 Kenwood Circle
,Harses,8/18/2014,jharsesg6@nhs.uk,Genderqueer,403 Golden Leaf Way
Blanche,Baptist,,bbaptistg7@google.com.br,Genderqueer,1395 Hansons Street
,Malcher,6/28/2003,nmalcherg8@umich.edu,,4895 Forest Run Avenue
Nanice,Bohlens,9/24/2001,nbohlensg9@unblog.fr,Agender,0 Mayer Street
,McArte,8/6/2017,cmcartega@columbia.edu,Genderqueer,3272 Bellgrove Court
,Ca,7/3/2007,ecagb@phpbb.com,Male,2800 Burrows Hill
Sidonnie,McClounan,3/14/2003,smcclounangc@pcworld.com,Genderqueer,6793 Wayridge Junction
,Sumbler,6/20/2003,ksumblergd@a8.net,Non-binary,13407 Vera Parkway
Noelle,Vayne,6/6/2003,nvaynege@meetup.com,Female,157 Northport Alley
,MacMeekan,,tmacmeekangf@alibaba.com,Genderfluid,7164 Butterfield Alley
Aundrea,Melior,11/27/2011,ameliorgg@apache.org,Bigender,2 Lyons Point
,Morfey,6/28/2004,lmorfeygh@aboutads.info,Genderfluid,97 Division Court
Alexandra,Kinnen,6/28/2000,akinnengi@google.ru,Agender,96325 Hooker Point
,Makin,6/14/2014,mmakingj@de.vu,Genderfluid,8132 Ridgeway Hill
Galvin,Gurner,7/25/2010,ggurnergk@washington.edu,Female,292 Autumn Leaf Place
Sorcha,Kernoghan,7/10/2018,skernoghangl@wordpress.com,Bigender,0756 Prairieview Lane
Harland,Leggott,5/4/2013,hleggottgm@webmd.com,,83 Walton Plaza
,Impett,10/3/2016,cimpettgn@nature.com,Male,4 Hovde Alley
Torey,Garron,9/13/2008,tgarrongo@earthlink.net,Polygender,7596 Superior Lane
,Jarry,8/1/2014,mjarrygp@upenn.edu,Polygender,46 Ludington Parkway
Carrie,Kieran,6/26/2000,ckierangq@ibm.com,Non-binary,13651 Eggendart Drive
,Bahl,8/3/2017,pbahlgr@ted.com,Bigender,57402 Kinsman Hill
,Siggery,8/1/2019,csiggerygs@cbslocal.com,Genderfluid,9 Caliangt Point
Fair,Barends,11/7/2002,fbarendsgt@geocities.com,Male,4 Grayhawk Parkway
Ravid,Dyers,10/11/2020,rdyersgu@skyrock.com,Agender,960 Burrows Place
,Crane,9/10/2000,acranegv@cnet.com,Agender,70 Emmet Road
,Hackey,2/17/2009,hhackeygw@tuttocitta.it,Genderfluid,87112 Sachtjen Plaza
,Gellately,5/2/2000,mgellatelygx@1und1.de,Polygender,0201 Namekagon Point
Aaren,Spain,3/7/2009,aspaingy@google.it,Bigender,8 Porter Terrace
Kain,Gutans,10/7/2004,kgutansgz@bbb.org,Male,70 South Center
Jessey,Floris,12/10/2014,jflorish0@etsy.com,Genderfluid,485 Dryden Avenue
Quint,Girdler,,qgirdlerh1@ocn.ne.jp,Genderqueer,5773 Shelley Park
,Zapatero,5/5/2015,czapateroh2@wsj.com,Genderfluid,2 Carpenter Crossing
Sandye,Whistlecraft,10/18/2010,swhistlecrafth3@walmart.com,Polygender,1478 Glacier Hill Avenue
,Hargreaves,,ghargreavesh4@vinaora.com,Non-binary,57 Carioca Center
Margarette,Unger,,mungerh5@list-manage.com,Agender,23 Packers Road
Kitty,O'Geaney,5/27/2020,kogeaneyh6@comcast.net,Genderqueer,4 Independence Plaza
,Rainger,1/1/2000,kraingerh7@sciencedaily.com,Male,219 Continental Terrace
,Norrey,1/2/2002,dnorreyh8@mapy.cz,Genderfluid,8485 Farmco Drive
,Hatchell,2/8/2005,jhatchellh9@ifeng.com,Bigender,3 Westerfield Trail
Becky,Vedstra,11/13/2002,bvedstraha@tumblr.com,Genderfluid,22701 Meadow Valley Alley
Lyman,Kitcher,2/23/2005,lkitcherhb@linkedin.com,Genderqueer,51529 Gale Crossing
,Raeside,,sraesidehc@imdb.com,Male,883 Moose Plaza
Alvira,Tidbury,1/17/2014,atidburyhd@toplist.cz,Polygender,57 Lillian Park
Libbi,Alam,2/8/2016,lalamhe@weather.com,Genderfluid,44637 Evergreen Park
Cori,Will,12/1/2001,cwillhf@hud.gov,Non-binary,06 Drewry Alley
Blanch,Setterfield,9/8/2019,bsetterfieldhg@noaa.gov,Polygender,2 Eliot Terrace
Juli,Olczak,,jolczakhh@msu.edu,Genderqueer,073 Westerfield Parkway
,Lorenzini,,nlorenzinihi@ebay.co.uk,Non-binary,2 Sachtjen Drive
Teador,Liddiatt,12/13/2002,tliddiatthj@seattletimes.com,Male,362 Westridge Drive
Noelyn,Maddox,7/24/2012,nmaddoxhk@tiny.cc,Male,28 Mendota Street
Lane,MacParlan,12/17/2020,lmacparlanhl@apple.com,Bigender,1 Shoshone Court
Clyde,Vane,5/22/2002,cvanehm@sun.com,Genderqueer,417 Fuller Lane
,Giorgeschi,5/22/2004,kgiorgeschihn@noaa.gov,Genderqueer,12537 Corscot Street
Alix,Whitelock,9/17/2019,awhitelockho@comsenz.com,Polygender,13820 Columbus Center
Rudolfo,Heugh,1/31/2012,rheughhp@census.gov,Male,29 Autumn Leaf Alley
,Heball,5/16/2015,rheballhq@google.ru,Female,0208 Mallory Junction
,Blaasch,12/14/2018,sblaaschhr@unicef.org,Female,7061 Hauk Park
Wolfy,Scaddon,4/9/2002,wscaddonhs@list-manage.com,Non-binary,756 Oriole Lane
Damiano,Siveter,8/25/2006,dsiveterht@usnews.com,Genderqueer,72692 Vernon Parkway
,Sieur,12/28/2010,ksieurhu@odnoklassniki.ru,Genderfluid,33 Dottie Alley
,Klambt,3/4/2007,lklambthv@instagram.com,Female,932 Stephen Alley
,Gapper,1/1/2011,hgapperhw@foxnews.com,Genderqueer,133 Welch Point
Ciel,Argont,11/16/2007,cargonthx@example.com,Male,60 Anderson Terrace
,Daviddi,11/4/2010,sdaviddihy@ibm.com,Genderfluid,68 Mifflin Plaza
Tybi,Dracey,10/24/2010,tdraceyhz@noaa.gov,Male,1 Birchwood Road
Berte,Goodbody,11/17/2010,bgoodbodyi0@webmd.com,Female,8 Kinsman Plaza
Dinny,Imason,7/9/2012,dimasoni1@cbc.ca,,839 Forest Run Terrace
Lorant,Godsmark,11/18/2004,lgodsmarki2@simplemachines.org,Bigender,9900 Summit Park
Alfie,Scandrett,7/28/2008,ascandretti3@printfriendly.com,Male,1226 Autumn Leaf Court
,Kulas,3/9/2010,hkulasi4@yellowpages.com,Bigender,47 Florence Street
Bill,Flello,4/3/2000,bflelloi5@oakley.com,Bigender,8 Stuart Circle
,Luberti,8/1/2002,jlubertii6@imgur.com,Male,7678 Anhalt Junction
,McGready,7/25/2014,amcgreadyi7@theglobeandmail.com,Male,7 Emmet Avenue
,Leverage,5/5/2007,oleveragei8@abc.net.au,Polygender,8805 Gale Parkway
Christy,Deverall,4/29/2013,cdeveralli9@cbslocal.com,Genderfluid,77 Valley Edge Drive
,Bake,12/21/2013,abakeia@buzzfeed.com,,6 Banding Junction
Terrel,Simonaitis,2/27/2015,tsimonaitisib@free.fr,Genderqueer,7 Northwestern Court
,Cramb,3/8/2004,ccrambic@aol.com,Male,109 Leroy Alley
,Cosby,4/19/2016,lcosbyid@accuweather.com,Non-binary,993 Sunfield Trail
Dotty,Chattelaine,12/16/2007,dchattelaineie@surveymonkey.com,Genderqueer,7 Hoffman Lane
June,Macguire,4/18/2016,jmacguireif@geocities.jp,Genderfluid,334 Sommers Lane
Casar,Belfit,2/9/2016,cbelfitig@house.gov,Male,19657 Anhalt Hill
Henry,Lisciardelli,6/21/2005,hlisciardelliih@ted.com,Polygender,9163 Manitowish Terrace
Flossi,Rampling,1/22/2004,framplingii@dion.ne.jp,Bigender,0 Delaware Terrace
Wesley,McMennum,,wmcmennumij@webnode.com,Non-binary,94 Londonderry Place
Shelly,Slorance,,ssloranceik@bing.com,Genderfluid,9 Barnett Terrace
Haroun,McNabb,4/17/2013,hmcnabbil@hatena.ne.jp,Genderqueer,16 Commercial Court
Maxi,Rowes,4/3/2006,mrowesim@jalbum.net,Female,47434 Ronald Regan Alley
,Collinwood,12/12/2019,dcollinwoodin@webs.com,Female,328 Beilfuss Center
Benjamen,Cammis,5/19/2000,bcammisio@archive.org,Female,140 Anhalt Trail
,Petegre,10/22/2009,kpetegreip@usda.gov,Genderqueer,39 Cambridge Pass
,Adshed,4/8/2002,badshediq@mysql.com,Male,73092 Ridgeview Place
,Ojeda,4/20/2018,rojedair@mapy.cz,Male,64417 Norway Maple Place
,Driutti,4/20/2016,cdriuttiis@reuters.com,Genderfluid,36890 Arizona Court
,McGraffin,2/21/2016,omcgraffinit@skyrock.com,,9959 Harbort Center
Aguistin,Cowle,,acowleiu@princeton.edu,Agender,3224 Carey Circle
,Stolte,,tstolteiv@etsy.com,Male,28680 Clemons Avenue
Genna,Flay,,gflayiw@indiegogo.com,Agender,14173 Northland Drive
Marietta,Jossum,,mjossumix@cbslocal.com,Bigender,26 Colorado Road
,Milton,6/19/2003,rmiltoniy@clickbank.net,Non-binary,79 Darwin Circle
,Dumphrey,,qdumphreyiz@jalbum.net,Male,966 Schlimgen Lane
,Shawel,1/24/2014,mshawelj0@free.fr,Male,935 Bellgrove Park
,Lafaye,12/11/2004,alafayej1@mysql.com,Agender,45 Mayfield Terrace
Zorah,Brownbridge,,zbrownbridgej2@bluehost.com,Male,77924 Shasta Way
Theressa,Bellow,12/13/2006,tbellowj3@bloglines.com,Genderqueer,912 Aberg Way
Berkeley,MacElane,7/6/2019,bmacelanej4@dmoz.org,,269 Sutherland Alley
Christie,Tatlow,,ctatlowj5@yandex.ru,Polygender,5378 Golf Course Parkway
,Neild,1/30/2016,sneildj6@baidu.com,Agender,01 Bay Park
,Jantet,7/23/2018,kjantetj7@google.es,Bigender,204 Sunfield Plaza
,Woodman,3/10/2006,bwoodmanj8@ca.gov,Non-binary,266 Superior Point
Corey,McPartlin,1/19/2011,cmcpartlinj9@plala.or.jp,Genderqueer,2410 Pankratz Pass
,Mardy,8/13/2014,smardyja@lycos.com,Genderqueer,3 Vera Park
Theodor,Cowp,,tcowpjb@cnn.com,Female,26999 Welch Plaza
Kare,Gostall,,kgostalljc@deliciousdays.com,,328 Hoepker Road
Lynea,Freckingham,12/26/2017,lfreckinghamjd@vimeo.com,Agender,95379 Parkside Parkway
,Kolodziej,5/11/2015,dkolodziejje@goo.ne.jp,Polygender,27 Clarendon Junction
Bink,Dikels,3/7/2005,bdikelsjf@smh.com.au,Genderqueer,10 Waywood Center
,Empringham,9/5/2020,bempringhamjg@moonfruit.com,Genderfluid,8 Doe Crossing Parkway
,Vivers,7/4/2010,oviversjh@hugedomains.com,Genderfluid,8 Jana Point
Marielle,Scragg,12/7/2012,mscraggji@amazonaws.com,Agender,985 Shasta Point
,Oakman,9/25/2014,boakmanjj@mac.com,Bigender,02643 Rutledge Plaza
,Goodyer,6/27/2009,agoodyerjk@theglobeandmail.com,Bigender,2 Duke Place
,Attiwill,10/15/2017,hattiwilljl@go.com,Genderqueer,4 Main Lane
,Rosario,2/22/2015,crosariojm@amazon.com,Genderqueer,4 Banding Junction
Lyndel,Watts,3/7/2016,lwattsjn@seesaa.net,Bigender,65528 Oxford Center
,Reckless,8/4/2015,mrecklessjo@businessinsider.com,Polygender,5620 Chinook Junction
,Cluely,,ncluelyjp@seesaa.net,Male,5 1st Drive
Aurilia,Rushworth,3/26/2008,arushworthjq@multiply.com,Male,51 Longview Crossing
,Durant,9/3/2001,jdurantjr@ow.ly,Genderfluid,43470 Doe Crossing Terrace
,Duckinfield,7/29/2016,sduckinfieldjs@facebook.com,Genderfluid,953 Derek Avenue
,Harkins,5/29/2004,charkinsjt@hexun.com,Bigender,8628 Carberry Terrace
Lazar,Dorken,4/11/2019,ldorkenju@hubpages.com,Polygender,270 Moland Drive
Clemmy,Toderbrugge,6/7/2015,ctoderbruggejv@cbc.ca,Bigender,48 Debra Place
,Reynoldson,10/12/2019,freynoldsonjw@businesswire.com,Genderqueer,4236 Schiller Lane
Norry,Bummfrey,7/2/2015,nbummfreyjx@discovery.com,Female,26 Portage Trail
,Bullcock,10/6/2017,gbullcockjy@yelp.com,Genderfluid,7538 Warner Point
Walker,Terrell,3/26/2016,wterrelljz@princeton.edu,Polygender,1 Maywood Road
Patrizia,Disman,8/3/2015,pdismank0@answers.com,Male,89 Stephen Plaza
Derk,Vlasyuk,12/16/2003,dvlasyukk1@paypal.com,Non-binary,66828 Glendale Road
,Brightey,11/5/2002,cbrighteyk2@icq.com,Non-binary,66 Old Shore Center
,Polkinhorn,2/24/2020,epolkinhornk3@rambler.ru,Polygender,673 Summer Ridge Park
Phyllys,Restall,7/11/2007,prestallk4@state.gov,Non-binary,6910 Northfield Plaza
Karlyn,Macak,4/3/2008,kmacakk5@ox.ac.uk,Polygender,48888 Mosinee Terrace
Kerby,Ranyell,6/28/2011,kranyellk6@huffingtonpost.com,,928 Coolidge Point
Cthrine,Pedel,7/23/2014,cpedelk7@freewebs.com,Polygender,61 Little Fleur Hill
Haily,Billing,11/22/2003,hbillingk8@qq.com,Male,05508 Tennessee Road
Erasmus,Keddie,8/22/2014,ekeddiek9@ustream.tv,Agender,3975 Clyde Gallagher Drive
Linea,Cridland,2/8/2005,lcridlandka@icq.com,Bigender,04371 Twin Pines Hill
Nerta,Wyley,,nwyleykb@nytimes.com,Genderqueer,069 Shelley Drive
,Palumbo,6/3/2016,apalumbokc@cbslocal.com,Bigender,3548 Prairie Rose Pass
,McMennum,1/27/2010,omcmennumkd@sfgate.com,Female,6652 Scofield Plaza
,Epps,,aeppske@irs.gov,Agender,12188 Village Place
Hildegaard,Dunderdale,11/6/2017,hdunderdalekf@rakuten.co.jp,Male,7 Superior Plaza
,Jeannequin,9/24/2002,fjeannequinkg@symantec.com,,88 Mallard Drive
,Krysztofowicz,8/21/2017,ekrysztofowiczkh@discovery.com,Non-binary,222 Monument Plaza
,Agge,5/6/2004,naggeki@ucoz.com,Female,0 Oneill Pass
,Watkiss,1/12/2013,lwatkisskj@abc.net.au,Genderfluid,74380 Everett Hill
,Pellamonuten,12/31/2011,rpellamonutenkk@msn.com,Agender,88496 Derek Plaza
,Gorton,11/18/2005,tgortonkl@free.fr,Polygender,992 Waxwing Terrace
,Aleixo,12/23/2000,caleixokm@printfriendly.com,Female,70 Nelson Place
,Valens-Smith,7/16/2012,jvalenssmithkn@t-online.de,Genderfluid,6914 Pierstorff Way
,Garoghan,12/17/2017,vgaroghanko@lulu.com,Bigender,79 Village Green Pass
,Pumphrey,,wpumphreykp@webs.com,Female,76913 Tennessee Trail
,Latus,,llatuskq@npr.org,Genderqueer,66 Maywood Hill
Tamera,Smedmoor,10/29/2011,tsmedmoorkr@virginia.edu,Male,40049 Haas Place
,Cansdall,1/12/2011,mcansdallks@cyberchimps.com,Polygender,1701 Donald Trail
Ainsley,Marjoram,9/22/2006,amarjoramkt@g.co,Genderfluid,6787 Burning Wood Court
,Vakhrushin,5/8/2010,cvakhrushinku@facebook.com,Agender,27735 Oxford Crossing
Carena,Plenderleith,3/21/2013,cplenderleithkv@seattletimes.com,Genderqueer,17686 Sunnyside Court
Barr,Van der Kruys,8/24/2001,bvanderkruyskw@narod.ru,Genderqueer,32 Old Shore Point
Llywellyn,Darley,12/30/2004,ldarleykx@china.com.cn,Non-binary,4209 Artisan Place
Rosabelle,Mitten,,rmittenky@opera.com,Agender,98795 Shopko Place
Lissa,Klus,3/9/2011,lkluskz@msn.com,Bigender,1 Scoville Crossing
Miguelita,Biddy,3/17/2015,mbiddyl0@google.co.uk,Female,04 Maryland Hill
Augusto,Spiaggia,8/12/2010,aspiaggial1@cisco.com,Bigender,873 Sundown Park
,Nund,4/12/2004,tnundl2@smh.com.au,Male,155 Lakewood Gardens Court
Erhard,Chaikovski,,echaikovskil3@amazon.co.uk,Polygender,33530 Delaware Lane
Inger,Sea,,iseal4@exblog.jp,Bigender,45340 Sachs Way
,Sartain,,dsartainl5@wufoo.com,Agender,59017 Bashford Circle
,Muriel,6/23/2012,vmuriell6@jalbum.net,Non-binary,0 Memorial Terrace
Boycey,Balassi,9/4/2000,bbalassil7@cpanel.net,Polygender,14 Sommers Parkway
Lurline,Veare,,lvearel8@ca.gov,Non-binary,082 Magdeline Terrace
,Wass,6/24/2007,lwassl9@narod.ru,Genderfluid,0 Forest Center
,Wreford,5/20/2000,swrefordla@chicagotribune.com,Agender,3436 Buena Vista Court
Cass,Hansel,5/5/2016,chansellb@ustream.tv,Agender,7364 Bayside Avenue
,Kernes,10/11/2013,akerneslc@php.net,Bigender,93392 Jay Road
,Popland,,mpoplandld@storify.com,Genderqueer,2 Morrow Park
,Brown,8/14/2013,ibrownle@bbc.co.uk,Genderqueer,6294 Oriole Center
,Logan,,floganlf@desdev.cn,Polygender,6112 Dorton Way
,Quodling,4/29/2001,vquodlinglg@marriott.com,Male,9058 Elka Point
Haslett,Penhaleurack,,hpenhaleuracklh@t-online.de,,45151 Barnett Crossing
,Jeffray,3/27/2016,ajeffrayli@weebly.com,Genderqueer,68997 Sutteridge Lane
,Breacher,10/6/2018,ebreacherlj@devhub.com,Polygender,376 Cody Road
Salomi,Hegley,4/22/2019,shegleylk@liveinternet.ru,Non-binary,27633 3rd Lane
Berny,Masseo,8/3/2011,bmasseoll@gnu.org,Genderfluid,73874 Florence Avenue
Giffard,L'argent,12/29/1999,glargentlm@dagondesign.com,Male,14 Kenwood Hill
Dawna,Keane,2/26/2014,dkeaneln@techcrunch.com,Genderqueer,406 Scoville Place
,Lanbertoni,10/30/2014,blanbertonilo@bloglines.com,Genderfluid,29251 Lien Crossing
Tobit,Slavin,1/6/2011,tslavinlp@slashdot.org,Polygender,160 Harper Crossing
Whittaker,Corro,10/8/2015,wcorrolq@ebay.co.uk,Female,44901 Delaware Avenue
,Jouning,12/4/2012,rjouninglr@smh.com.au,Genderqueer,88130 Talisman Pass
Merill,Scothron,3/29/2014,mscothronls@hhs.gov,Polygender,4613 Saint Paul Street
,Fishwick,4/21/2016,sfishwicklt@noaa.gov,Male,330 Grim Lane
,Antram,4/25/2017,yantramlu@house.gov,Male,61851 Dahle Place
Hatti,Trewman,9/6/2017,htrewmanlv@biglobe.ne.jp,Male,7 Kedzie Road
,Warne,12/8/2012,swarnelw@webeden.co.uk,Male,21191 Leroy Street
Tova,Kirstein,6/14/2007,tkirsteinlx@prlog.org,Non-binary,3154 Mitchell Trail
,Menchenton,9/22/2011,gmenchentonly@amazon.co.uk,Genderqueer,06682 Melvin Plaza
,Spykins,5/16/2011,kspykinslz@netvibes.com,,8753 Manitowish Crossing
,Scholtz,10/13/2003,rscholtzm0@mlb.com,Genderfluid,2 Kingsford Plaza
,Erlam,11/18/2016,kerlamm1@washington.edu,Agender,4921 8th Hill
Ferd,Racher,4/5/2013,fracherm2@soup.io,Male,8309 Oakridge Park
,Engall,12/11/2013,hengallm3@altervista.org,Non-binary,097 Saint Paul Trail
,Mackrell,3/19/2012,amackrellm4@elegantthemes.com,Genderfluid,26968 Waubesa Court
Rhetta,MacAloren,,rmacalorenm5@ovh.net,Genderqueer,749 Pennsylvania Court
,Sizland,3/5/2015,rsizlandm6@elpais.com,Bigender,2568 Weeping Birch Junction
Eugenie,Ovitts,5/13/2004,eovittsm7@house.gov,Polygender,835 South Street
,Moline,8/28/2019,rmolinem8@godaddy.com,Female,9 Eggendart Alley
Regine,Scantleberry,5/17/2011,rscantleberrym9@example.com,Polygender,0583 Starling Avenue
,Prin,8/29/2015,aprinma@narod.ru,Agender,5 Rockefeller Junction
Edna,Bottoms,5/28/2011,ebottomsmb@wordpress.com,Bigender,5441 Atwood Terrace
Tremayne,Kinch,10/11/2001,tkinchmc@comsenz.com,Bigender,966 Larry Drive
Tim,Gossipin,3/13/2002,tgossipinmd@nature.com,,85 Carberry Avenue
Mabelle,Stranks,9/4/2003,mstranksme@marketwatch.com,Agender,8 Glacier Hill Center
Mei,Ledstone,8/24/2000,mledstonemf@wsj.com,Polygender,35 Del Mar Lane
,Hopkyns,8/5/2009,chopkynsmg@oracle.com,,8 Melvin Crossing
,Whorf,12/29/2007,mwhorfmh@typepad.com,Polygender,012 Forster Lane
Skippie,Ilyinykh,,silyinykhmi@yellowpages.com,Bigender,944 John Wall Lane
Binni,Budik,4/22/2008,bbudikmj@fema.gov,Genderfluid,61939 Eastlawn Crossing
,Kiernan,2/9/2002,ckiernanmk@ehow.com,Agender,369 Randy Hill
Gallagher,Trippick,10/24/2006,gtrippickml@eventbrite.com,Genderfluid,7 Sullivan Park
Winny,Rowcastle,10/31/2017,wrowcastlemm@slashdot.org,Bigender,9989 Morning Place
,Towler,10/5/2019,etowlermn@salon.com,Genderqueer,92735 Kenwood Circle
Yurik,Ellissen,5/16/2003,yellissenmo@1688.com,Male,69677 Haas Avenue
,Bowsher,5/6/2004,abowshermp@liveinternet.ru,Non-binary,8692 Laurel Place
Darius,Enrrico,4/6/2020,denrricomq@alibaba.com,Genderfluid,8691 Buhler Hill
Adair,Shovelbottom,9/30/2015,ashovelbottommr@time.com,Agender,795 Granby Road
,Elsy,9/4/2008,relsyms@surveymonkey.com,,39 Fremont Terrace
,Cockell,1/29/2003,hcockellmt@mashable.com,Non-binary,58146 Springs Crossing
Seumas,Zanetello,9/7/2016,szanetellomu@gizmodo.com,Female,154 Crowley Lane
Claresta,Barwell,11/2/2003,cbarwellmv@tiny.cc,Genderfluid,2150 Butterfield Trail
Culley,Crumbie,12/30/2020,ccrumbiemw@behance.net,Bigender,903 Park Meadow Avenue
Broddie,Trathan,3/14/2010,btrathanmx@nsw.gov.au,,22420 Muir Alley
,Keddey,11/5/2016,ekeddeymy@wufoo.com,Genderfluid,3 Grover Crossing
,Merwede,9/6/2003,mmerwedemz@businessinsider.com,Genderqueer,27833 Mariners Cove Avenue
Dorothee,Bachanski,7/26/2001,dbachanskin0@ifeng.com,Bigender,8735 Porter Drive
Inessa,Carloni,12/12/2004,icarlonin1@webnode.com,Polygender,0 Menomonie Avenue
Dayna,Prendergrast,9/13/2001,dprendergrastn2@nps.gov,Female,40563 West Pass
,Sibborn,7/6/2001,hsibbornn3@answers.com,Non-binary,08214 Katie Hill
,Goodlatt,,agoodlattn4@soup.io,Male,72143 Spaight Trail
,Tash,,btashn5@mtv.com,Female,01705 3rd Point
,Corbally,6/9/2016,ncorballyn6@opera.com,Female,482 South Center
Graham,Dyter,3/6/2017,gdytern7@bluehost.com,Female,2 Hazelcrest Way
,Barosch,1/5/2001,mbaroschn8@cafepress.com,Genderqueer,881 Farwell Junction
,Dunsire,5/6/2020,gdunsiren9@mit.edu,Genderqueer,206 Emmet Pass
Mariquilla,Targetter,6/8/2000,mtargetterna@berkeley.edu,Genderfluid,47 Fairview Circle
Gussie,Atlee,11/3/2020,gatleenb@cocolog-nifty.com,Non-binary,0273 Springs Point
Wade,Moreside,8/25/2020,wmoresidenc@dmoz.org,Polygender,42750 Bayside Junction
,Renfield,12/16/2018,erenfieldnd@digg.com,Non-binary,4948 Fairview Road
Adolpho,Lorden,3/14/2017,alordenne@guardian.co.uk,Polygender,66307 American Trail
Merilyn,Cordoba,2/17/2019,mcordobanf@pen.io,Agender,7 Daystar Road
,Ovitz,6/11/2000,hovitzng@rambler.ru,Bigender,0 Dunning Drive
,Charlot,1/1/2010,gcharlotnh@unicef.org,Male,96 Eliot Center
Drake,Sidden,3/8/2005,dsiddenni@bbb.org,Polygender,1320 Chinook Terrace
,Whittleton,,mwhittletonnj@wired.com,Agender,542 Messerschmidt Plaza
Darrelle,Dryden,4/18/2013,ddrydennk@cargocollective.com,Genderfluid,29678 Bunker Hill Park
Harbert,Rouch,4/12/2018,hrouchnl@issuu.com,Agender,11 Farwell Terrace
Kalle,Moogan,10/9/2003,kmoogannm@prlog.org,Female,493 Towne Crossing
Janet,Serginson,4/4/2017,jserginsonnn@over-blog.com,Non-binary,09 Pepper Wood Avenue
Nahum,De Gogay,,ndegogayno@dion.ne.jp,Non-binary,630 Butternut Road
,Goolden,4/3/2009,dgooldennp@indiegogo.com,Bigender,386 Bonner Avenue
Carry,Marousek,6/22/2017,cmarouseknq@networkadvertising.org,Non-binary,8 Hollow Ridge Park
Selene,Etoile,4/1/2008,setoilenr@cbslocal.com,Agender,261 Brickson Park Terrace
,Wellan,10/11/2019,nwellanns@artisteer.com,Genderqueer,0 Esch Center
,Studdeard,1/1/2005,mstuddeardnt@cnn.com,Female,9 Coolidge Place
Anne,Beszant,6/11/2003,abeszantnu@alexa.com,Bigender,55 Towne Avenue
Jere,Everil,8/13/2003,jeverilnv@princeton.edu,Non-binary,993 Pepper Wood Street
Kathleen,Nuccitelli,,knuccitellinw@telegraph.co.uk,Non-binary,04 Eliot Plaza
Rudolfo,Carruth,1/12/2011,rcarruthnx@unesco.org,Male,40 Ryan Crossing
,Melendez,10/1/2006,emelendezny@hatena.ne.jp,Genderqueer,603 Muir Road
,Bischoff,4/23/2019,fbischoffnz@imgur.com,Bigender,82 Bowman Terrace
Alix,Dack,10/9/2007,adacko0@china.com.cn,Polygender,4997 Gateway Court
,Rolstone,8/12/2009,lrolstoneo1@jiathis.com,Genderqueer,65732 Lillian Center
Nicol,Denerley,9/20/2008,ndenerleyo2@irs.gov,Female,233 Transport Lane
,Maso,11/13/2017,emasoo3@linkedin.com,Agender,09 Dahle Park
Janette,Kitchaside,10/8/2006,jkitchasideo4@feedburner.com,Agender,67 Thierer Trail
,O' Donohoe,12/12/2004,todonohoeo5@auda.org.au,Genderqueer,3 Sheridan Alley
Doti,Onslow,,donslowo6@gov.uk,Agender,92062 Pepper Wood Pass
,Claydon,,bclaydono7@ucoz.ru,Non-binary,58 Village Pass
Pamela,Mc Mechan,12/9/2012,pmcmechano8@lycos.com,Non-binary,37562 Caliangt Avenue
Orland,Braybrookes,2/12/2011,obraybrookeso9@tinypic.com,Male,7 Sundown Park
,Gouinlock,5/31/2015,mgouinlockoa@zdnet.com,Male,1 4th Street
Trude,Pottell,5/8/2000,tpottellob@nbcnews.com,Female,280 Laurel Pass
Yule,Starbeck,9/25/2013,ystarbeckoc@diigo.com,Polygender,73 Mendota Alley
,Deans,4/27/2000,pdeansod@uol.com.br,Genderfluid,62 Charing Cross Crossing
,Ladds,8/18/2009,dladdsoe@dot.gov,Non-binary,7 Lawn Place
Rochester,Stellino,1/24/2019,rstellinoof@ezinearticles.com,Bigender,09299 Portage Avenue
,Watsam,12/24/2017,mwatsamog@storify.com,Genderqueer,923 La Follette Alley
,Mandre,,amandreoh@studiopress.com,Female,591 Haas Lane
,Francisco,11/3/2013,efranciscooi@noaa.gov,Polygender,47631 Mcguire Crossing
,Fernehough,12/12/2010,nfernehoughoj@jimdo.com,Bigender,02 Northwestern Point
Felike,Chasmar,3/24/2007,fchasmarok@ehow.com,Male,2 Manitowish Road
Ravid,Gumary,12/3/2004,rgumaryol@t-online.de,Genderqueer,80 Waxwing Circle
,Blum,,mblumom@google.co.uk,Polygender,142 Elka Point
,Zanutti,,bzanuttion@t-online.de,Agender,7556 Clyde Gallagher Avenue
Torrance,Egiloff,3/1/2013,tegiloffoo@nytimes.com,Genderqueer,07 Buell Pass
Wit,Trew,6/4/2012,wtrewop@yolasite.com,Bigender,299 Briar Crest Plaza
Corinna,Fattore,2/10/2008,cfattoreoq@theatlantic.com,Genderfluid,46 Burrows Avenue
Sadella,Dyne,5/14/2018,sdyneor@jugem.jp,Agender,6 Shasta Pass
Florence,Walsh,4/6/2013,fwalshos@multiply.com,Genderqueer,12908 Carpenter Park
Kimbell,Reyne,5/7/2017,kreyneot@howstuffworks.com,Male,48018 Lukken Center
Rees,Legat,10/8/2009,rlegatou@uiuc.edu,Female,69337 Monument Circle
Courtnay,Murie,11/18/2014,cmurieov@unc.edu,Genderqueer,4 Darwin Trail
,Prendeguest,8/20/2018,mprendeguestow@amazon.de,Female,99 Garrison Way
,McGavin,8/29/2019,gmcgavinox@rambler.ru,Male,93097 Miller Way
Lela,Leavry,6/10/2009,lleavryoy@bbb.org,Polygender,68 Schurz Street
,Androli,,handrolioz@nhs.uk,,02 Westridge Place
,Kubyszek,,ckubyszekp0@netvibes.com,Polygender,94 Golf Course Park
Betsey,Trattles,,btrattlesp1@usatoday.com,Polygender,42 Dryden Lane
,Abelevitz,12/16/2017,habelevitzp2@mac.com,Genderfluid,8930 Lakewood Gardens Road
Catina,MacCarter,3/30/2004,cmaccarterp3@squarespace.com,Female,3 Doe Crossing Park
,Douglas,10/10/2014,odouglasp4@gnu.org,Bigender,10307 Jenna Parkway
Concettina,Jory,10/5/2018,cjoryp5@t.co,Female,6602 Goodland Junction
Dagmar,Borrell,12/12/2013,dborrellp6@purevolume.com,Female,71 1st Point
,Thandi,11/8/2012,bthandip7@godaddy.com,Male,8 Macpherson Drive
,Uttley,5/25/2002,auttleyp8@google.pl,Genderfluid,9144 Judy Terrace
Kyle,Tirone,5/22/2015,ktironep9@tmall.com,Polygender,48260 Ridge Oak Center
,Cardinal,4/5/2011,acardinalpa@tuttocitta.it,Non-binary,218 Waubesa Crossing
Ree,Rechert,8/24/2007,rrechertpb@mlb.com,Genderqueer,84 Drewry Point
,Pulteneye,12/12/1999,rpulteneyepc@discovery.com,Bigender,28 Dakota Plaza
Aggi,Robel,10/5/2017,arobelpd@discuz.net,Genderqueer,41798 Dixon Hill
,Wornham,,wwornhampe@theguardian.com,Polygender,7 Hanson Crossing
,Wride,,gwridepf@addtoany.com,Non-binary,421 Oakridge Way
Vittoria,Ghidotti,,vghidottipg@mozilla.org,Non-binary,7 Colorado Way
,Benoit,,kbenoitph@vinaora.com,Non-binary,9 Amoth Crossing
Loralee,Becaris,6/8/2009,lbecarispi@privacy.gov.au,Bigender,2 Nancy Way
,Sellner,11/29/2007,asellnerpj@parallels.com,Genderfluid,01 Barnett Plaza
,Weiser,5/11/2009,vweiserpk@cisco.com,Genderqueer,9 Columbus Center
Trip,Iron,9/23/2000,tironpl@qq.com,Genderfluid,0361 Nova Road
Tiphanie,Illes,5/13/2020,tillespm@economist.com,Genderqueer,78698 Goodland Street
,Hadeke,,whadekepn@paginegialle.it,Polygender,92 Manley Center
Bink,Tole,1/11/2015,btolepo@home.pl,,357 Spenser Hill
Rochell,Quinnell,,rquinnellpp@yellowpages.com,Agender,38 Carey Road
Darren,Taks,5/13/2018,dtakspq@toplist.cz,Non-binary,54 Loomis Street
,Verma,12/1/2012,avermapr@businesswire.com,Male,1 Luster Way
Currie,Roumier,3/27/2011,croumierps@state.gov,Genderfluid,66432 Redwing Crossing
Mellie,Elson,12/23/2011,melsonpt@ovh.net,Genderfluid,55151 Dayton Center
Dal,Applebee,,dapplebeepu@nydailynews.com,Bigender,6475 Roth Terrace
,Coopland,7/22/2019,rcooplandpv@ask.com,Polygender,32019 Ruskin Circle
,Ceschelli,10/4/2019,mceschellipw@usgs.gov,Polygender,7241 Muir Street
Constantino,Joyson,2/8/2011,cjoysonpx@networkadvertising.org,Genderfluid,64175 Sherman Street
Winnifred,Torrent,1/7/2016,wtorrentpy@npr.org,Female,190 Victoria Crossing
Kalvin,Sinson,,ksinsonpz@dropbox.com,Non-binary,0 Welch Way
,Schechter,11/30/2006,sschechterq0@nps.gov,Agender,4488 Truax Hill
,Geill,12/12/2020,mgeillq1@mozilla.com,Female,2 Harper Crossing
,Labbe,,blabbeq2@furl.net,Non-binary,4 Lake View Place
,Valentin,11/26/2016,avalentinq3@census.gov,Bigender,40200 Village Avenue
Correna,Powter,3/16/2011,cpowterq4@examiner.com,Bigender,122 Ryan Plaza
Ninon,Bullough,1/6/2018,nbulloughq5@smugmug.com,Male,14121 Browning Alley
,Rankine,2/12/2019,frankineq6@arizona.edu,Genderqueer,526 Manitowish Center
Eolanda,Bake,9/2/2002,ebakeq7@youku.com,Agender,13 Ridgeview Circle
,Ferenczi,6/29/2011,mferencziq8@seattletimes.com,Non-binary,23 Tony Place
,Culp,7/20/2010,rculpq9@independent.co.uk,Bigender,5993 Riverside Trail
Daryle,Tanton,,dtantonqa@google.com,Non-binary,60336 Gulseth Parkway
Merl,Attride,2/4/2019,mattrideqb@lulu.com,,905 Ruskin Avenue
,Pember,3/9/2008,hpemberqc@free.fr,,88387 Farmco Hill
Hilton,Dibley,10/16/2008,hdibleyqd@facebook.com,Bigender,21665 Johnson Center
Rori,Vowdon,7/15/2013,rvowdonqe@liveinternet.ru,Bigender,0510 Morning Park
,Tertre,11/24/2004,atertreqf@godaddy.com,Polygender,483 Loomis Park
,Stovold,,cstovoldqg@sourceforge.net,Genderfluid,84115 Thackeray Court
Lenore,O'Hoey,5/23/2013,lohoeyqh@meetup.com,Bigender,26 Fisk Junction
,Deeves,7/22/2010,mdeevesqi@symantec.com,Bigender,6 Corry Alley
,Burkitt,8/10/2019,pburkittqj@live.com,Bigender,02 Carey Plaza
,Fernando,8/5/2011,cfernandoqk@yahoo.co.jp,Genderfluid,1 Kenwood Junction
Ulrikaumeko,Scannell,7/30/2011,uscannellql@51.la,Male,679 Bartelt Trail
,Kalisz,10/13/2018,ekaliszqm@nationalgeographic.com,Non-binary,7264 Killdeer Junction
,Aleveque,1/18/2019,lalevequeqn@woothemes.com,Female,7645 Laurel Plaza
,Goering,4/15/2003,jgoeringqo@upenn.edu,Agender,90 Gerald Place
,Durgan,,fdurganqp@hao123.com,Male,52 Dryden Drive
,Nuemann,4/11/2016,znuemannqq@noaa.gov,Male,94 Saint Paul Junction
Bethany,Delaprelle,,bdelaprelleqr@freewebs.com,Genderqueer,470 Northview Hill
Krystalle,Thackwray,11/15/2016,kthackwrayqs@nbcnews.com,Genderfluid,750 Delaware Park
Margarita,Rubinivitz,9/23/2015,mrubinivitzqt@un.org,Female,1058 Superior Alley
,Graalmans,8/7/2001,mgraalmansqu@freewebs.com,Male,4650 Golf View Parkway
,Milne,4/22/2007,amilneqv@mapquest.com,Female,4 Meadow Valley Circle
Ina,Deinhard,7/7/2016,ideinhardqw@cargocollective.com,,1797 Golden Leaf Lane
Aldus,Mauger,11/30/2001,amaugerqx@china.com.cn,,36702 Packers Point
,Harris,1/14/2020,tharrisqy@discovery.com,Genderfluid,9 Surrey Crossing
Farlie,Shakle,9/14/2001,fshakleqz@privacy.gov.au,Genderfluid,17954 Sage Center
Nata,Duckels,12/3/2005,nduckelsr0@clickbank.net,Non-binary,0199 Myrtle Alley
,Player,5/12/2012,kplayerr1@forbes.com,Male,64381 Katie Center
,Benettolo,12/3/2009,bbenettolor2@macromedia.com,Polygender,99768 Summerview Crossing
,Jessen,,ajessenr3@ca.gov,Agender,731 Meadow Valley Trail
,MacConneely,1/21/2014,nmacconneelyr4@facebook.com,Male,68 Heath Park
,Domeny,1/26/2019,gdomenyr5@whitehouse.gov,Male,3 Melrose Center
,Jovey,2/6/2014,djoveyr6@w3.org,Non-binary,49 Laurel Drive
Cyrille,Grigorini,,cgrigorinir7@fotki.com,Bigender,423 Golf View Circle
,Segge,5/1/2017,ksegger8@w3.org,Male,4 Kings Junction
,Muschette,7/31/2012,jmuschetter9@bbb.org,Agender,3013 Lakewood Terrace
,Hardwicke,1/9/2019,mhardwickera@umn.edu,Polygender,990 Elka Park
Nealson,Capnor,3/31/2015,ncapnorrb@nhs.uk,Female,67460 Muir Court
,Tremblay,8/3/2010,ltremblayrc@myspace.com,Female,7 Warrior Drive
,Sprigging,8/23/2004,mspriggingrd@pinterest.com,Male,4065 Meadow Ridge Junction
Odelia,Haseley,1/24/2013,ohaseleyre@tumblr.com,Non-binary,923 Sundown Avenue
,Hindrick,7/21/2015,ghindrickrf@timesonline.co.uk,Agender,5845 Hudson Avenue
Deni,Denman,8/7/2015,ddenmanrg@census.gov,Genderqueer,048 Raven Crossing
,Picot,3/5/2012,bpicotrh@bbc.co.uk,Non-binary,4290 Caliangt Alley
Verena,Hanwright,6/5/2006,vhanwrightri@wufoo.com,Female,353 5th Way
,Amort,,mamortrj@weibo.com,Genderfluid,48549 Banding Park
,Devil,9/12/2015,ldevilrk@baidu.com,Female,646 Maryland Drive
,Cloney,,ncloneyrl@dion.ne.jp,Polygender,362 Debs Place
Hersch,Cranage,8/27/2018,hcranagerm@tripod.com,Genderfluid,1573 Victoria Circle
,Blain,8/1/2020,jblainrn@wufoo.com,Polygender,820 Rockefeller Road
,Polden,12/29/2005,spoldenro@squidoo.com,Male,2 Monica Plaza
,Clayworth,11/29/2001,aclayworthrp@theguardian.com,Bigender,08650 Beilfuss Point
Michelina,Copping,8/25/2003,mcoppingrq@wikimedia.org,Non-binary,0 Laurel Circle
Clemmie,Weatherhead,3/3/2012,cweatherheadrr@shareasale.com,Genderqueer,32522 Golf Avenue
